name,id,home,team,pos,defense_ast,defense_ffum,defense_int,defense_sk,defense_tkl,fumbles_lost,fumbles_rcv,fumbles_tot,fumbles_trcv,fumbles_yds,kicking_fga,kicking_fgm,kicking_fgyds,kicking_totpfg,kicking_xpa,kicking_xpb,kicking_xpmade,kicking_xpmissed,kicking_xptot,kickret_avg,kickret_lng,kickret_lngtd,kickret_ret,kickret_tds,passing_att,passing_cmp,passing_ints,passing_tds,passing_twopta,passing_twoptm,passing_yds,punting_avg,punting_i20,punting_lng,punting_pts,punting_yds,puntret_avg,puntret_lng,puntret_lngtd,puntret_ret,puntret_tds,receiving_lng,receiving_lngtd,receiving_rec,receiving_tds,receiving_twopta,receiving_twoptm,receiving_yds,rushing_att,rushing_lng,rushing_lngtd,rushing_tds,rushing_twopta,rushing_twoptm,rushing_yds
J.Brissett,00-0033119,yes,IND,QB,,,,,,,,,,,,,,,,,,,,,,,,,30,17,0,0,0,0,158,,,,,,,,,,,,,,,,,,5,7,7,1,0,0,18
M.Mack,00-0033951,yes,IND,RB,,,,,,,,,,,,,,,,,,,,,,,,,,,,,,,,,,,,,,,,,,,,,,,,,6,6,0,0,0,0,14
F.Gore,00-0023500,yes,IND,RB,,,,,,,,,,,,,,,,,,,,,,,,,,,,,,,,,,,,,,,,,,22,0,3,0,0,0,37,10,9,0,0,0,0,31
C.Rogers,00-0032355,yes,IND,WR,,,,,,,,,,,,,,,,,,,,,,,,,,,,,,,,,,,,,,,,,,,,,,,,,1,7,0,0,0,0,7
T.Hilton,00-0029608,yes,IND,WR,,,,,,0,0,1,0,0,,,,,,,,,,,,,,,,,,,,,,,,,,,,,,,,13,0,5,0,0,0,41,,,,,,,
J.Doyle,00-0030181,yes,IND,TE,,,,,,,,,,,,,,,,,,,,,,,,,,,,,,,,,,,,,,,,,,15,0,7,0,0,0,47,,,,,,,
R.Travis,00-0032319,yes,IND,TE,,,,,,,,,,,,,,,,,,,,,,,,,,,,,,,,,,,,,,,,,,20,0,2,0,0,0,33,,,,,,,
A.Vinatieri,00-0016919,yes,IND,K,,,,,,,,,,,2,2,45,6,1,0,1,0,1,,,,,,,,,,,,,,,,,,,,,,,,,,,,,,,,,,,,
R.Sanchez,00-0033269,yes,IND,P,,,,,,,,,,,,,,,,,,,,,,,,,,,,,,,,41,2,47,4,164,,,,,,,,,,,,,,,,,,,
C.Geathers,00-0031571,yes,IND,DB,1,0,0,0,1,,,,,,,,,,,,,,,,,,,,,,,,,,,,,,,,,,,,,,,,,,,,,,,,,,
G.Stewart,00-0033952,yes,IND,DT,3,0,0,0,1,,,,,,,,,,,,,,,,,,,,,,,,,,,,,,,,,,,,,,,,,,,,,,,,,,
T.Green,00-0033059,yes,IND,DB,4,0,0,0,3,,,,,,,,,,,,,,,,,,,,,,,,,,,,,,,,,,,,,,,,,,,,,,,,,,
K.Moore II,00-0033393,yes,IND,CB,3,0,1,0,3,,,,,,,,,,,,,,,,,,,,,,,,,,,,,,,,,,,,,,,,,,,,,,,,,,
A.Morrison,00-0032406,yes,IND,LB,8,0,0,0,4,,,,,,,,,,,,,,,,,,,,,,,,,,,,,,,,,,,,,,,,,,,,,,,,,,
D.White,00-0032788,yes,IND,CB,0,0,0,0,3,,,,,,,,,,,,,,,,,,,,,,,,,,,,,,,,,,,,,,,,,,,,,,,,,,
A.Woods,00-0027723,yes,IND,DT,3,0,0,0,0,,,,,,,,,,,,,,,,,,,,,,,,,,,,,,,,,,,,,,,,,,,,,,,,,,
M.Farley,00-0032496,yes,IND,DB,7,0,0,0,3,,,,,,,,,,,,,,,,,,,,,,,,,,,,,,,,,,,,,,,,,,,,,,,,,,
D.Butler,00-0027017,yes,IND,,0,0,0,0,1,,,,,,,,,,,,,,,,,,,,,,,,,,,,,,,,,,,,,,,,,,,,,,,,,,
J.Hankins,00-0030063,yes,IND,,2,0,0,1,3,,,,,,,,,,,,,,,,,,,,,,,,,,,,,,,,,,,,,,,,,,,,,,,,,,
J.Bostic,00-0030064,yes,IND,LB,4,0,0,0,1,,,,,,,,,,,,,,,,,,,,,,,,,,,,,,,,,,,,,,,,,,,,,,,,,,
Q.Wilson,00-0033544,yes,IND,CB,1,0,0,0,7,,,,,,,,,,,,,,,,,,,,,,,,,,,,,,,,,,,,,,,,,,,,,,,,,,
H.Ridgeway,00-0032402,yes,IND,DT,1,0,0,0,0,,,,,,,,,,,,,,,,,,,,,,,,,,,,,,,,,,,,,,,,,,,,,,,,,,
J.Mbu,00-0031676,yes,IND,DT,0,0,0,0,1,,,,,,,,,,,,,,,,,,,,,,,,,,,,,,,,,,,,,,,,,,,,,,,,,,
M.Hunt,00-0030449,yes,IND,DE,1,0,0,0,3,,,,,,,,,,,,,,,,,,,,,,,,,,,,,,,,,,,,,,,,,,,,,,,,,,
B.Mingo,00-0030558,yes,IND,LB,0,0,0,1,3,,,,,,,,,,,,,,,,,,,,,,,,,,,,,,,,,,,,,,,,,,,,,,,,,,
J.Sheard,00-0027975,yes,IND,DE,2,0,0,1,2,,,,,,,,,,,,,,,,,,,,,,,,,,,,,,,,,,,,,,,,,,,,,,,,,,
A.Walker,00-0033570,yes,IND,LB,4,0,0,0,0,,,,,,,,,,,,,,,,,,,,,,,,,,,,,,,,,,,,,,,,,,,,,,,,,,
T.Siemian,00-0032156,no,DEN,QB,,,,,,,,,,,,,,,,,,,,,,,,,9,5,1,0,0,0,67,,,,,,,,,,,,,,,,,,,,,,,,
B.Osweiler,00-0029682,no,DEN,QB,,,,,,,,,,,,,,,,,,,,,,,,,17,12,0,2,1,1,194,,,,,,,,,,,,,,,,,,3,18,18,1,0,0,17
A.Janovich,00-0032956,no,DEN,FB,,,,,,,,,,,,,,,,,,,,,,,,,,,,,,,,,,,,,,,,,,,,,,,,,1,-1,0,0,0,0,-1
D.Booker,00-0032972,no,DEN,RB,,,,,,,,,,,,,,,,,,,,23,23,0,1,0,,,,,,,,,,,,,,,,,,10,0,1,0,0,0,10,11,12,0,0,0,0,39
C.Anderson,00-0029854,no,DEN,RB,,,,,,,,,,,,,,,,,,,,,,,,,,,,,,,,,,,,,,,,,,,,,,,,,30,16,0,0,0,0,158
J.Heuerman,00-0032227,no,DEN,TE,,,,,,,,,,,,,,,,,,,,,,,,,,,,,,,,,,,,,,,,,,54,54,1,1,0,0,54,,,,,,,
E.Sanders,00-0027685,no,DEN,WR,,,,,,,,,,,,,,,,,,,,,,,,,,,,,,,,,,,,,,,,,,26,0,7,0,0,0,68,,,,,,,
D.Thomas,00-0027874,no,DEN,WR,,,,,,,,,,,,,,,,,,,,,,,,,,,,,,,,,,,,,,,,,,23,0,5,0,0,0,69,,,,,,,
C.Latimer,00-0031344,no,DEN,WR,,,,,,,,,,,,,,,,,,,,,,,,,,,,,,,,,,,,,,,,,,22,22,3,1,1,1,60,,,,,,,
J.Taylor,00-0031697,no,DEN,WR,,,,,,0,1,1,1,0,,,,,,,,,,,,,,,,,,,,,,,,,,,0,0,0,1,0,,,,,,,,,,,,,,
B.McManus,00-0029822,no,DEN,K,,,,,,,,,,,2,1,40,3,2,0,2,0,2,,,,,,,,,,,,,,,,,,,,,,,,,,,,,,,,,,,,
R.Dixon,00-0032943,no,DEN,P,,,,,,,,,,,,,,,,,,,,,,,,,,,,,,,,52,1,52,1,52,,,,,,,,,,,,,,,,,,,
J.Carter,00-0033819,no,DEN,DB,0,0,0,0,3,,,,,,,,,,,,,,,,,,,,,,,,,,,,,,,,,,,,,,,,,,,,,,,,,,
C.Harris,00-0028224,no,DEN,DB,0,1,0,0,2,,,,,,,,,,,,,,,,,,,,,,,,,,,,,,,,,,,,,,,,,,,,,,,,,,
T.Davis,00-0031427,no,DEN,LB,0,0,0,0,3,,,,,,,,,,,,,,,,,,,,,,,,,,,,,,,,,,,,,,,,,,,,,,,,,,
A.Gotsis,00-0033064,no,DEN,DE,2,0,0,0,4,,,,,,,,,,,,,,,,,,,,,,,,,,,,,,,,,,,,,,,,,,,,,,,,,,
B.Roby,00-0031372,no,DEN,DB,0,0,0,1,1,,,,,,,,,,,,,,,,,,,,,,,,,,,,,,,,,,,,,,,,,,,,,,,,,,
A.Talib,00-0026160,no,DEN,DB,2,0,0,0,3,,,,,,,,,,,,,,,,,,,,,,,,,,,,,,,,,,,,,,,,,,,,,,,,,,
Z.Kerr,00-0031105,no,DEN,DE,2,0,0,0,1,,,,,,,,,,,,,,,,,,,,,,,,,,,,,,,,,,,,,,,,,,,,,,,,,,
S.Harris,00-0031270,no,DEN,DE,2,0,0,0,0,,,,,,,,,,,,,,,,,,,,,,,,,,,,,,,,,,,,,,,,,,,,,,,,,,
V.Miller,00-0027940,no,DEN,LB,2,0,0,0,1,,,,,,,,,,,,,,,,,,,,,,,,,,,,,,,,,,,,,,,,,,,,,,,,,,
B.Marshall,00-0029620,no,DEN,LB,0,0,0,0,2,,,,,,,,,,,,,,,,,,,,,,,,,,,,,,,,,,,,,,,,,,,,,,,,,,
D.Peko,00-0024338,no,DEN,DT,1,0,0,0,0,,,,,,,,,,,,,,,,,,,,,,,,,,,,,,,,,,,,,,,,,,,,,,,,,,
S.Ray,00-0032221,no,DEN,LB,0,0,0,0,2,,,,,,,,,,,,,,,,,,,,,,,,,,,,,,,,,,,,,,,,,,,,,,,,,,
W.Parks,00-0032958,no,DEN,DB,3,0,0,0,4,,,,,,,,,,,,,,,,,,,,,,,,,,,,,,,,,,,,,,,,,,,,,,,,,,
D.Stewart,00-0027256,no,DEN,DB,0,0,0,0,4,,,,,,,,,,,,,,,,,,,,,,,,,,,,,,,,,,,,,,,,,,,,,,,,,,
M.Stafford,00-0026498,yes,DET,QB,,,,,,,,,,,,,,,,,,,,,,,,,33,25,0,2,0,0,237,,,,,,,,,,,,,,,,,,1,-1,0,0,0,0,-1
T.Riddick,00-0030107,yes,DET,RB,,,,,,1,0,1,0,0,,,,,,,,,,,,,,,,,,,,,,,,,,,,,,,,8,0,3,0,0,0,12,8,12,0,0,0,0,49
T.Green,00-0033748,yes,DET,,,,,,,,,,,,,,,,,,,,,,,,,,,,,,,,,,,,,,,,,,,,,,,,,,10,7,0,0,0,0,35
A.Abdullah,00-0032104,yes,DET,RB,,,,,,,,,,,,,,,,,,,,25,25,0,1,0,,,,,,,,,,,,,,,,,,11,0,3,0,0,0,13,1,8,0,0,0,0,8
E.Ebron,00-0031387,yes,DET,TE,,,,,,,,,,,,,,,,,,,,,,,,,,,,,,,,,,,,,,,,,,19,8,5,1,0,0,33,,,,,,,
K.Golladay,00-0033932,yes,DET,WR,,,,,,,,,,,,,,,,,,,,,,,,,,,,,,,,,,,,,,,,,,14,0,4,0,0,0,29,,,,,,,
J.Agnew,00-0033572,yes,DET,CB,,,,,,,,,,,,,,,,,,,,,,,,,,,,,,,,,,,,,11,16,0,4,0,6,0,1,0,0,0,6,,,,,,,
G.Tate,00-0027891,yes,DET,WR,,,,,,,,,,,,,,,,,,,,-1,-1,0,1,0,,,,,,,,,,,,,,,,,,19,0,3,0,0,0,33,,,,,,,
M.Jones,00-0029293,yes,DET,WR,,,,,,,,,,,,,,,,,,,,,,,,,,,,,,,,,,,,,,,,,,58,0,3,0,0,0,85,,,,,,,
T.Jones,00-0031189,yes,DET,WR,,,,,,,,,,,,,,,,,,,,,,,,,,,,,,,,,,,,,,,,,,12,3,3,1,0,0,26,,,,,,,
M.Prater,00-0023853,yes,DET,K,,,,,,,,,,,2,2,48,6,2,0,2,0,2,,,,,,,,,,,,,,,,,,,,,,,,,,,,,,,,,,,,
S.Martin,00-0030092,yes,DET,P,,,,,,,,,,,,,,,,,,,,,,,,,,,,,,,,40,2,64,4,182,,,,,,,,,,,,,,,,,,,
D.Fells,00-0029738,yes,DET,TE,,,,,,,,,,,,,,,,,,,,10,10,0,1,0,,,,,,,,,,,,,,,,,,,,,,,,,,,,,,,
A.Spence,00-0030402,yes,DET,DT,0,0,0,1,2,,,,,,,,,,,,,,,,,,,,,,,,,,,,,,,,,,,,,,,,,,,,,,,,,,
T.Tabor,00-0033545,yes,DET,CB,0,0,0,0,3,,,,,,,,,,,,,,,,,,,,,,,,,,,,,,,,,,,,,,,,,,,,,,,,,,
C.Washington,00-0030048,yes,DET,,1,0,0,0,1,,,,,,,,,,,,,,,,,,,,,,,,,,,,,,,,,,,,,,,,,,,,,,,,,,
T.Whitehead,00-0029212,yes,DET,LB,3,0,0,0,6,,,,,,,,,,,,,,,,,,,,,,,,,,,,,,,,,,,,,,,,,,,,,,,,,,
Q.Diggs,00-0031608,yes,DET,CB,0,0,1,1,3,,,,,,,,,,,,,,,,,,,,,,,,,,,,,,,,,,,,,,,,,,,,,,,,,,
N.Lawson,00-0031176,yes,DET,DB,2,0,0,0,2,,,,,,,,,,,,,,,,,,,,,,,,,,,,,,,,,,,,,,,,,,,,,,,,,,
A.Zettel,00-0032435,yes,DET,DE,2,0,0,0,0,,,,,,,,,,,,,,,,,,,,,,,,,,,,,,,,,,,,,,,,,,,,,,,,,,
P.Worrilow,00-0029792,yes,DET,LB,0,0,0,0,1,,,,,,,,,,,,,,,,,,,,,,,,,,,,,,,,,,,,,,,,,,,,,,,,,,
D.Slay,00-0030062,yes,DET,DB,0,0,2,0,5,,,,,,,,,,,,,,,,,,,,,,,,,,,,,,,,,,,,,,,,,,,,,,,,,,
A.Robinson,00-0032889,yes,DET,DT,0,0,0,0,1,,,,,,,,,,,,,,,,,,,,,,,,,,,,,,,,,,,,,,,,,,,,,,,,,,
J.Reeves-Maybin,00-0033557,yes,DET,LB,0,0,0,0,2,,,,,,,,,,,,,,,,,,,,,,,,,,,,,,,,,,,,,,,,,,,,,,,,,,
G.Quin,00-0027081,yes,DET,DB,2,0,0,0,2,,,,,,,,,,,,,,,,,,,,,,,,,,,,,,,,,,,,,,,,,,,,,,,,,,
E.Ansah,00-0030059,yes,DET,DE,0,0,0,0,1,,,,,,,,,,,,,,,,,,,,,,,,,,,,,,,,,,,,,,,,,,,,,,,,,,
J.Davis,00-0033539,yes,DET,LB,1,0,0,0,5,,,,,,,,,,,,,,,,,,,,,,,,,,,,,,,,,,,,,,,,,,,,,,,,,,
D.Hayden,00-0030572,yes,DET,DB,0,0,0,0,5,,,,,,,,,,,,,,,,,,,,,,,,,,,,,,,,,,,,,,,,,,,,,,,,,,
M.Trubisky,00-0033869,no,CHI,QB,,,,,,0,1,1,1,0,,,,,,,,,,,,,,,46,31,3,1,0,0,314,,,,,,,,,,,,,,,,,,2,5,0,0,0,0,3
M.Burton,00-0031595,no,CHI,FB,,,,,,,,,,,,,,,,,,,,,,,,,,,,,,,,,,,,,,,,,,,,,,,,,1,2,0,0,0,0,2
T.Cohen,00-0033556,no,CHI,RB,,,,,,,,,,,,,,,,,,,,20,24,0,3,0,,,,,,,,,,,,,2,2,0,1,0,7,0,4,0,0,0,16,2,4,0,0,0,0,1
Jo.Howard,00-0032780,no,CHI,RB,,,,,,,,,,,,,,,,,,,,,,,,,,,,,,,,,,,,,,,,,,11,0,4,0,0,0,26,10,16,0,0,0,0,37
B.Cunningham,00-0029795,no,CHI,RB,,,,,,,,,,,,,,,,,,,,,,,,,,,,,,,,,,,,,,,,,,12,9,4,1,0,0,33,,,,,,,
D.Sims,00-0030422,no,CHI,TE,,,,,,,,,,,,,,,,,,,,,,,,,,,,,,,,,,,,,,,,,,9,0,1,0,0,0,9,,,,,,,
D.Inman,00-0028411,no,CHI,,,,,,,,,,,,,,,,,,,,,,,,,,,,,,,,,,,,,,,,,,,5,0,1,0,0,0,5,,,,,,,
J.Bellamy,00-0029319,no,CHI,WR,,,,,,,,,,,,,,,,,,,,,,,,,,,,,,,,,,,,,,,,,,19,0,5,0,0,0,70,,,,,,,
M.Wheaton,00-0030460,no,CHI,WR,,,,,,,,,,,,,,,,,,,,,,,,,,,,,,,,,,,,,,,,,,22,0,2,0,0,0,42,,,,,,,
K.Wright,00-0029708,no,CHI,WR,,,,,,,,,,,,,,,,,,,,,,,,,,,,,,,,,,,,,,,,,,19,0,7,0,0,0,81,,,,,,,
D.Brown,00-0032098,no,CHI,TE,,,,,,,,,,,,,,,,,,,,,,,,,,,,,,,,,,,,,,,,,,17,0,3,0,0,0,32,,,,,,,
E.Jackson,00-0033784,no,CHI,DB,1,0,0,0,7,0,0,0,1,0,,,,,,,,,,,,,,,,,,,,,,,,,,,,,,,,,,,,,,,,,,,,,
M.Nugent,00-0023482,no,CHI,K,,,,,,,,,,,1,1,41,3,1,0,1,0,1,,,,,,,,,,,,,,,,,,,,,,,,,,,,,,,,,,,,
P.O'Donnell,00-0031079,no,CHI,P,,,,,,,,,,,,,,,,,,,,,,,,,,,,,,,,36,2,51,5,225,,,,,,,,,,,,,,,,,,,
N.Kwiatkoski,00-0032773,no,CHI,LB,2,0,0,0,6,,,,,,,,,,,,,,,,,,,,,,,,,,,,,,,,,,,,,,,,,,,,,,,,,,
S.Acho,00-0028041,no,CHI,LB,1,1,0,1,3,,,,,,,,,,,,,,,,,,,,,,,,,,,,,,,,,,,,,,,,,,,,,,,,,,
C.Prosinski,00-0028059,no,CHI,,0,0,0,0,2,,,,,,,,,,,,,,,,,,,,,,,,,,,,,,,,,,,,,,,,,,,,,,,,,,
D.Bush,00-0032774,no,CHI,DB,1,0,0,0,1,,,,,,,,,,,,,,,,,,,,,,,,,,,,,,,,,,,,,,,,,,,,,,,,,,
H.Jones,00-0030881,no,CHI,,1,0,0,0,1,,,,,,,,,,,,,,,,,,,,,,,,,,,,,,,,,,,,,,,,,,,,,,,,,,
L.Houston,00-0027657,no,CHI,,0,0,0,2,3,,,,,,,,,,,,,,,,,,,,,,,,,,,,,,,,,,,,,,,,,,,,,,,,,,
J.Bullard,00-0033093,no,CHI,DE,0,0,0,0,2,,,,,,,,,,,,,,,,,,,,,,,,,,,,,,,,,,,,,,,,,,,,,,,,,,
A.Hicks,00-0029657,no,CHI,DE,1,0,0,1,3,,,,,,,,,,,,,,,,,,,,,,,,,,,,,,,,,,,,,,,,,,,,,,,,,,
K.Fuller,00-0031041,no,CHI,DB,0,0,0,0,2,,,,,,,,,,,,,,,,,,,,,,,,,,,,,,,,,,,,,,,,,,,,,,,,,,
D.Trevathan,00-0029577,no,CHI,LB,2,0,0,0,2,,,,,,,,,,,,,,,,,,,,,,,,,,,,,,,,,,,,,,,,,,,,,,,,,,
P.Amukamara,00-0027957,no,CHI,DB,1,0,0,0,5,,,,,,,,,,,,,,,,,,,,,,,,,,,,,,,,,,,,,,,,,,,,,,,,,,
B.Callahan,00-0031904,no,CHI,CB,0,0,0,0,2,,,,,,,,,,,,,,,,,,,,,,,,,,,,,,,,,,,,,,,,,,,,,,,,,,
P.McPhee,00-0028103,no,CHI,LB,0,0,0,0,1,,,,,,,,,,,,,,,,,,,,,,,,,,,,,,,,,,,,,,,,,,,,,,,,,,
A.Smith,00-0023436,yes,KC,QB,,,,,,,,,,,,,,,,,,,,,,,,,30,23,0,2,0,0,231,,,,,,,,,,,,,,,,,,3,7,0,0,0,0,13
C.West,00-0030668,yes,KC,RB,,,,,,,,,,,,,,,,,,,,,,,,,,,,,,,,,,,,,,,,,,,,,,,,,5,3,0,0,0,0,6
K.Hunt,00-0033923,yes,KC,RB,,,,,,,,,,,,,,,,,,,,,,,,,,,,,,,,,,,,,,,,,,21,3,7,1,0,0,51,24,23,5,1,0,0,155
D.Harris,00-0030155,yes,KC,TE,,,,,,,,,,,,,,,,,,,,,,,,,,,,,,,,,,,,,,,,,,7,0,1,0,0,0,7,,,,,,,
D.Thomas,00-0031060,yes,KC,WR,,,,,,,,,,,,,,,,,,,,,,,,,,,,,,,,,,,,,,,,,,4,0,2,0,0,0,6,,,,,,,
O.Charles,00-0029414,yes,KC,TE,,,,,,0,1,0,1,0,,,,,,,,,,,,,,,,,,,,,,,,,,,,,,,,18,0,1,0,0,0,18,,,,,,,
A.Wilson,00-0030669,yes,KC,WR,,,,,,,,,,,,,,,,,,,,,,,,,,,,,,,,,,,,,,,,,,15,0,1,0,0,0,15,,,,,,,
T.Hill,00-0033040,yes,KC,WR,,,,,,,,,,,,,,,,,,,,,,,,,,,,,,,,,,,,,1,1,0,1,0,64,64,5,1,0,0,88,,,,,,,
T.Kelce,00-0030506,yes,KC,TE,,,,,,,,,,,,,,,,,,,,,,,,,,,,,,,,,,,,,,,,,,21,0,6,0,0,0,46,,,,,,,
R.Parker,00-0028445,yes,KC,DB,0,0,1,0,3,0,0,0,1,7,,,,,,,,,,,,,,,,,,,,,,,,,,,,,,,,,,,,,,,,,,,,,
D.Sorensen,00-0030665,yes,KC,DB,1,0,0,0,4,0,0,1,0,0,,,,,,,,,,,,,,,,,,,,,,,,,,,0,0,0,1,0,,,,,,,,,,,,,,
H.Butker,00-0033303,yes,KC,K,,,,,,,,,,,4,3,51,9,3,0,3,0,3,,,,,,,,,,,,,,,,,,,,,,,,,,,,,,,,,,,,
D.Colquitt,00-0023534,yes,KC,P,,,,,,,,,,,,,,,,,,,,,,,,,,,,,,,,41,2,51,3,129,,,,,,,,,,,,,,,,,,,
A.Hunt,00-0031743,yes,KC,,,,,,,,,,,,,,,,,,,,,25,31,0,3,0,,,,,,,,,,,,,,,,,,,,,,,,,,,,,,,
A.Bailey,00-0028024,yes,KC,DE,1,0,0,0,1,,,,,,,,,,,,,,,,,,,,,,,,,,,,,,,,,,,,,,,,,,,,,,,,,,
C.Jones,00-0032762,yes,KC,DT,0,0,0,1,2,,,,,,,,,,,,,,,,,,,,,,,,,,,,,,,,,,,,,,,,,,,,,,,,,,
R.Nunez-Roches,00-0031957,yes,KC,DE,0,0,0,0,1,,,,,,,,,,,,,,,,,,,,,,,,,,,,,,,,,,,,,,,,,,,,,,,,,,
K.Acker,00-0031186,yes,KC,CB,0,0,0,0,1,,,,,,,,,,,,,,,,,,,,,,,,,,,,,,,,,,,,,,,,,,,,,,,,,,
D.Johnson,00-0023449,yes,KC,LB,0,0,0,0,6,,,,,,,,,,,,,,,,,,,,,,,,,,,,,,,,,,,,,,,,,,,,,,,,,,
R.Ragland,00-0033058,yes,KC,LB,1,0,0,0,1,,,,,,,,,,,,,,,,,,,,,,,,,,,,,,,,,,,,,,,,,,,,,,,,,,
M.Peters,00-0032165,yes,KC,CB,0,1,2,0,3,,,,,,,,,,,,,,,,,,,,,,,,,,,,,,,,,,,,,,,,,,,,,,,,,,
K.Pierre-Louis,00-0031308,yes,KC,LB,0,0,0,0,3,,,,,,,,,,,,,,,,,,,,,,,,,,,,,,,,,,,,,,,,,,,,,,,,,,
F.Zombo,00-0027442,yes,KC,LB,0,0,0,0,1,,,,,,,,,,,,,,,,,,,,,,,,,,,,,,,,,,,,,,,,,,,,,,,,,,
T.Kpassagnon,00-0033902,yes,KC,LB,0,0,0,0,2,,,,,,,,,,,,,,,,,,,,,,,,,,,,,,,,,,,,,,,,,,,,,,,,,,
E.Murray,00-0033038,yes,KC,CB,0,0,0,1,2,,,,,,,,,,,,,,,,,,,,,,,,,,,,,,,,,,,,,,,,,,,,,,,,,,
J.Houston,00-0028008,yes,KC,LB,0,0,0,0,3,,,,,,,,,,,,,,,,,,,,,,,,,,,,,,,,,,,,,,,,,,,,,,,,,,
D.Revis,00-0025401,yes,KC,,0,0,0,0,1,,,,,,,,,,,,,,,,,,,,,,,,,,,,,,,,,,,,,,,,,,,,,,,,,,
T.Mitchell,00-0031097,yes,KC,DB,0,0,0,0,1,,,,,,,,,,,,,,,,,,,,,,,,,,,,,,,,,,,,,,,,,,,,,,,,,,
B.Logan,00-0030507,yes,KC,DT,0,0,0,0,2,,,,,,,,,,,,,,,,,,,,,,,,,,,,,,,,,,,,,,,,,,,,,,,,,,
S.Nelson,00-0032150,yes,KC,CB,1,0,0,0,3,,,,,,,,,,,,,,,,,,,,,,,,,,,,,,,,,,,,,,,,,,,,,,,,,,
P.Rivers,00-0022942,no,LAC,QB,,,,,,,,,,,,,,,,,,,,,,,,,36,20,3,1,0,0,227,,,,,,,,,,,,,,,,,,,,,,,,
M.Gordon,00-0032144,no,LAC,RB,,,,,,,,,,,,,,,,,,,,,,,,,,,,,,,,,,,,,,,,,,49,0,6,0,0,0,91,19,15,2,1,0,0,78
A.Ekeler,00-0033699,no,LAC,RB,,,,,,1,0,1,0,0,,,,,,,,,,,,,,,,,,,,,,,,,,,,,,,,6,0,1,0,0,0,6,2,13,0,0,0,0,13
T.Benjamin,00-0029269,no,LAC,WR,,,,,,,,,,,,,,,,,,,,,,,,,,,,,,,,,,,,,6,6,0,1,0,7,0,1,0,0,0,7,1,7,0,0,0,0,7
K.Allen,00-0030279,no,LAC,WR,,,,,,,,,,,,,,,,,,,,,,,,,,,,,,,,,,,,,,,,,,15,0,5,0,0,0,54,,,,,,,
H.Henry,00-0033090,no,LAC,TE,,,,,,,,,,,,,,,,,,,,,,,,,,,,,,,,,,,,,,,,,,14,0,3,0,0,0,28,,,,,,,
Ty.Williams,00-0032160,no,LAC,WR,,,,,,,,,,,,,,,,,,,,,,,,,,,,,,,,,,,,,,,,,,18,0,3,0,0,0,31,,,,,,,
A.Gates,00-0021547,no,LAC,,,,,,,,,,,,,,,,,,,,,,,,,,,,,,,,,,,,,,,,,,,10,10,1,1,0,0,10,,,,,,,
T.Coons,00-0031112,no,LAC,,,,,,,,,,,,0,0,0,0,2,0,1,1,1,,,,,,,,,,,,,,,,,,,,,,,,,,,,,,,,,,,,
D.Kaser,00-0032896,no,LAC,P,,,,,,,,,,,,,,,,,,,,,,,,,,,,,,,,43,2,61,3,149,,,,,,,,,,,,,,,,,,,
D.King,00-0033566,no,LAC,DB,1,0,0,0,4,,,,,,,,,,,,,,,21,21,0,1,0,,,,,,,,,,,,,,,,,,,,,,,,,,,,,,,
K.Emanuel,00-0032110,no,LAC,LB,1,0,0,0,0,,,,,,,,,,,,,,,,,,,,,,,,,,,,,,,,,,,,,,,,,,,,,,,,,,
D.Square,00-0030148,no,LAC,DT,1,0,0,0,2,,,,,,,,,,,,,,,,,,,,,,,,,,,,,,,,,,,,,,,,,,,,,,,,,,
D.Philon,00-0032116,no,LAC,DE,1,0,0,0,0,,,,,,,,,,,,,,,,,,,,,,,,,,,,,,,,,,,,,,,,,,,,,,,,,,
J.Bosa,00-0033156,no,LAC,DE,0,0,0,0,4,,,,,,,,,,,,,,,,,,,,,,,,,,,,,,,,,,,,,,,,,,,,,,,,,,
T.Boston,00-0031261,no,LAC,DB,3,0,0,0,2,,,,,,,,,,,,,,,,,,,,,,,,,,,,,,,,,,,,,,,,,,,,,,,,,,
J.Addae,00-0030312,no,LAC,DB,1,0,0,0,1,,,,,,,,,,,,,,,,,,,,,,,,,,,,,,,,,,,,,,,,,,,,,,,,,,
B.Mebane,00-0025472,no,LAC,DT,1,0,0,0,3,,,,,,,,,,,,,,,,,,,,,,,,,,,,,,,,,,,,,,,,,,,,,,,,,,
T.Palepoi,00-0030921,no,LAC,DE,0,0,0,0,3,,,,,,,,,,,,,,,,,,,,,,,,,,,,,,,,,,,,,,,,,,,,,,,,,,
A.Phillips,00-0031404,no,LAC,DB,0,0,0,0,8,,,,,,,,,,,,,,,,,,,,,,,,,,,,,,,,,,,,,,,,,,,,,,,,,,
C.Hayward,00-0029261,no,LAC,DB,0,0,0,0,3,,,,,,,,,,,,,,,,,,,,,,,,,,,,,,,,,,,,,,,,,,,,,,,,,,
C.Liuget,00-0027956,no,LAC,DT,0,0,0,0,1,,,,,,,,,,,,,,,,,,,,,,,,,,,,,,,,,,,,,,,,,,,,,,,,,,
M.Ingram,00-0029249,no,LAC,DE,2,0,0,1,3,,,,,,,,,,,,,,,,,,,,,,,,,,,,,,,,,,,,,,,,,,,,,,,,,,
H.Pullard,00-0032171,no,LAC,LB,0,0,0,0,1,,,,,,,,,,,,,,,,,,,,,,,,,,,,,,,,,,,,,,,,,,,,,,,,,,
J.Brown,00-0032895,no,LAC,OLB,1,0,0,0,7,,,,,,,,,,,,,,,,,,,,,,,,,,,,,,,,,,,,,,,,,,,,,,,,,,
R.Jenkins,00-0033941,no,LAC,DB,1,0,0,0,1,,,,,,,,,,,,,,,,,,,,,,,,,,,,,,,,,,,,,,,,,,,,,,,,,,
Tr.Williams,00-0032916,no,LAC,CB,1,0,0,0,1,,,,,,,,,,,,,,,,,,,,,,,,,,,,,,,,,,,,,,,,,,,,,,,,,,
T.Taylor,00-0028118,yes,BUF,QB,,,,,,,,,,,,,,,,,,,,,,,,,29,17,0,1,0,0,224,,,,,,,,,,,,,,,,,,6,17,9,1,0,0,42
T.Cadet,00-0029205,yes,BUF,RB,,,,,,,,,,,,,,,,,,,,,,,,,,,,,,,,,,,,,,,,,,14,0,1,0,0,0,14,4,12,0,0,0,0,24
L.McCoy,00-0027029,yes,BUF,RB,,,,,,,,,,,,,,,,,,,,,,,,,,,,,,,,,,,,,,,,,,16,16,4,1,0,0,46,20,14,4,1,0,0,50
K.Benjamin,00-0031359,yes,BUF,WR,,,,,,,,,,,,,,,,,,,,,,,,,,,,,,,,,,,,,,,,,,13,0,2,0,0,0,20,,,,,,,
B.Tate,00-0027057,yes,BUF,WR,,,,,,,,,,,,,,,,,,,,12,20,0,3,0,,,,,,,,,,,,,2,2,0,1,0,21,0,1,0,0,0,21,,,,,,,
P.DiMarco,00-0028581,yes,BUF,RB,,,,,,,,,,,,,,,,,,,,,,,,,,,,,,,,,,,,,,,,,,6,0,1,0,0,0,6,,,,,,,
N.O'Leary,00-0032117,yes,BUF,TE,,,,,,,,,,,,,,,,,,,,,,,,,,,,,,,,,,,,,,,,,,25,0,2,0,0,0,33,,,,,,,
C.Clay,00-0028112,yes,BUF,TE,,,,,,,,,,,,,,,,,,,,,,,,,,,,,,,,,,,,,,,,,,29,0,5,0,0,0,68,,,,,,,
D.Thompson,00-0029388,yes,BUF,WR,,,,,,,,,,,,,,,,,,,,,,,,,,,,,,,,,,,,,,,,,,16,0,1,0,0,0,16,,,,,,,
S.Wright,00-0028027,yes,BUF,DB,0,0,1,0,0,0,1,1,1,0,,,,,,,,,,,,,,,,,,,,,,,,,,,,,,,,,,,,,,,,,,,,,
S.Hauschka,00-0025944,yes,BUF,K,,,,,,,,,,,1,1,34,3,3,0,3,0,3,,,,,,,,,,,,,,,,,,,,,,,,,,,,,,,,,,,,
C.Schmidt,00-0030551,yes,BUF,P,,,,,,,,,,,,,,,,,,,,,,,,,,,,,,,,34,3,52,5,205,,,,,,,,,,,,,,,,,,,
C.Thornton,00-0028424,yes,BUF,DT,2,0,0,0,1,,,,,,,,,,,,,,,,,,,,,,,,,,,,,,,,,,,,,,,,,,,,,,,,,,
N.Capi,00-0031982,yes,BUF,DE,0,1,0,1,1,,,,,,,,,,,,,,,,,,,,,,,,,,,,,,,,,,,,,,,,,,,,,,,,,,
K.Williams,00-0024348,yes,BUF,DT,2,0,0,0,0,,,,,,,,,,,,,,,,,,,,,,,,,,,,,,,,,,,,,,,,,,,,,,,,,,
E.Gaines,00-0031394,yes,BUF,DB,0,0,0,0,2,,,,,,,,,,,,,,,,,,,,,,,,,,,,,,,,,,,,,,,,,,,,,,,,,,
P.Brown,00-0031171,yes,BUF,LB,3,0,0,0,7,,,,,,,,,,,,,,,,,,,,,,,,,,,,,,,,,,,,,,,,,,,,,,,,,,
M.Hyde,00-0030090,yes,BUF,DB,1,0,0,0,3,,,,,,,,,,,,,,,,,,,,,,,,,,,,,,,,,,,,,,,,,,,,,,,,,,
L.Alexander,00-0023259,yes,BUF,LB,0,0,0,0,5,,,,,,,,,,,,,,,,,,,,,,,,,,,,,,,,,,,,,,,,,,,,,,,,,,
L.Johnson,00-0029087,yes,BUF,DB,0,0,0,0,8,,,,,,,,,,,,,,,,,,,,,,,,,,,,,,,,,,,,,,,,,,,,,,,,,,
R.Humber,00-0026672,yes,BUF,LB,2,0,0,0,2,,,,,,,,,,,,,,,,,,,,,,,,,,,,,,,,,,,,,,,,,,,,,,,,,,
T.White,00-0033884,yes,BUF,CB,4,0,1,0,3,,,,,,,,,,,,,,,,,,,,,,,,,,,,,,,,,,,,,,,,,,,,,,,,,,
E.Yarbrough,00-0032480,yes,BUF,DE,0,0,0,0,2,,,,,,,,,,,,,,,,,,,,,,,,,,,,,,,,,,,,,,,,,,,,,,,,,,
M.Milano,00-0033571,yes,BUF,LB,1,0,0,0,2,,,,,,,,,,,,,,,,,,,,,,,,,,,,,,,,,,,,,,,,,,,,,,,,,,
R.Davis,00-0029053,yes,BUF,DE,2,0,0,1,4,,,,,,,,,,,,,,,,,,,,,,,,,,,,,,,,,,,,,,,,,,,,,,,,,,
A.Washington,00-0033037,yes,BUF,DT,1,0,0,0,2,,,,,,,,,,,,,,,,,,,,,,,,,,,,,,,,,,,,,,,,,,,,,,,,,,
J.Hughes,00-0027881,yes,BUF,DE,1,0,0,0,3,,,,,,,,,,,,,,,,,,,,,,,,,,,,,,,,,,,,,,,,,,,,,,,,,,
J.Poyer,00-0030114,yes,BUF,DB,2,0,1,0,4,,,,,,,,,,,,,,,,,,,,,,,,,,,,,,,,,,,,,,,,,,,,,,,,,,
J.Cutler,00-0024226,no,MIA,,,,,,,0,4,4,4,0,,,,,,,,,,,,,,,49,28,3,0,0,0,274,,,,,,,,,,,,,,,,,,2,6,0,0,0,0,8
J.Grant,00-0032791,no,MIA,WR,,,,,,,,,,,,,,,,,,,,21,22,0,2,0,,,,,,,,,,,,,16,26,0,2,0,13,0,1,0,0,0,13,1,7,0,0,0,0,7
M.Gray,00-0029878,no,MIA,TE,,,,,,,,,,,,,,,,,,,,,,,,,,,,,,,,,,,,,,,,,,,,,,,,,2,5,0,0,0,0,7
K.Drake,00-0033118,no,MIA,RB,,,,,,,,,,,,,,,,,,,,,,,,,,,,,,,,,,,,,,,,,,11,0,6,0,0,0,35,16,31,1,1,0,0,78
D.Parker,00-0031547,no,MIA,WR,,,,,,,,,,,,,,,,,,,,,,,,,,,,,,,,,,,,,,,,,,36,0,6,0,0,0,89,,,,,,,
K.Stills,00-0030085,no,MIA,WR,,,,,,,,,,,,,,,,,,,,,,,,,,,,,,,,,,,,,,,,,,8,0,1,0,0,0,8,,,,,,,
J.Landry,00-0031382,no,MIA,WR,,,,,,,,,,,,,,,,,,,,,,,,,,,,,,,,,,,,,,,,,,17,0,10,0,0,0,99,,,,,,,
J.Thomas,00-0028067,no,MIA,,,,,,,,,,,,,,,,,,,,,,,,,,,,,,,,,,,,,,,,,,,11,0,2,0,0,0,15,,,,,,,
A.Fasano,00-0024268,no,MIA,,,,,,,,,,,,,,,,,,,,,,,,,,,,,,,,,,,,,,,,,,,11,0,2,0,0,0,15,,,,,,,
C.Parkey,00-0030850,no,MIA,K,,,,,,,,,,,3,3,41,9,1,0,1,0,1,,,,,,,,,,,,,,,,,,,,,,,,,,,,,,,,,,,,
M.Haack,00-0033400,no,MIA,P,,,,,,,,,,,,,,,,,,,,,,,,,,,,,,,,41,1,58,4,187,,,,,,,,,,,,,,,,,,,
T.McDonald,00-0030530,no,MIA,DB,2,0,0,0,4,,,,,,,,,,,,,,,,,,,,,,,,,,,,,,,,,,,,,,,,,,,,,,,,,,
K.Alonso,00-0030401,no,MIA,LB,3,0,0,0,7,,,,,,,,,,,,,,,,,,,,,,,,,,,,,,,,,,,,,,,,,,,,,,,,,,
X.Howard,00-0033050,no,MIA,CB,0,0,0,1,4,,,,,,,,,,,,,,,,,,,,,,,,,,,,,,,,,,,,,,,,,,,,,,,,,,
T.Fede,00-0031317,no,MIA,DE,1,0,0,0,1,,,,,,,,,,,,,,,,,,,,,,,,,,,,,,,,,,,,,,,,,,,,,,,,,,
V.Taylor,00-0033469,no,MIA,DT,0,0,0,0,1,,,,,,,,,,,,,,,,,,,,,,,,,,,,,,,,,,,,,,,,,,,,,,,,,,
C.Allen,00-0033399,no,MIA,LB,2,0,0,0,1,,,,,,,,,,,,,,,,,,,,,,,,,,,,,,,,,,,,,,,,,,,,,,,,,,
B.McCain,00-0031587,no,MIA,CB,0,0,0,0,3,,,,,,,,,,,,,,,,,,,,,,,,,,,,,,,,,,,,,,,,,,,,,,,,,,
C.Malveaux,00-0033403,no,MIA,DE,0,0,0,0,1,,,,,,,,,,,,,,,,,,,,,,,,,,,,,,,,,,,,,,,,,,,,,,,,,,
R.Jones,00-0027762,no,MIA,DB,3,0,0,0,4,,,,,,,,,,,,,,,,,,,,,,,,,,,,,,,,,,,,,,,,,,,,,,,,,,
S.Anthony,00-0032102,no,MIA,LB,1,0,0,0,2,,,,,,,,,,,,,,,,,,,,,,,,,,,,,,,,,,,,,,,,,,,,,,,,,,
C.Harris,00-0033880,no,MIA,DE,1,0,0,0,3,,,,,,,,,,,,,,,,,,,,,,,,,,,,,,,,,,,,,,,,,,,,,,,,,,
N.Suh,00-0027855,no,MIA,DT,1,0,0,0,6,,,,,,,,,,,,,,,,,,,,,,,,,,,,,,,,,,,,,,,,,,,,,,,,,,
D.Godchaux,00-0033860,no,MIA,DT,1,0,0,0,1,,,,,,,,,,,,,,,,,,,,,,,,,,,,,,,,,,,,,,,,,,,,,,,,,,
L.Timmons,00-0025402,no,MIA,,2,0,0,0,2,,,,,,,,,,,,,,,,,,,,,,,,,,,,,,,,,,,,,,,,,,,,,,,,,,
C.Wake,00-0023368,no,MIA,DE,1,0,0,1,1,,,,,,,,,,,,,,,,,,,,,,,,,,,,,,,,,,,,,,,,,,,,,,,,,,
C.Newton,00-0027939,yes,CAR,QB,,,,,,,,,,,,,,,,,,,,,,,,,31,20,0,4,0,0,242,,,,,,,,,,,,,,,,,,14,13,0,0,0,0,58
J.Stewart,00-0026153,yes,CAR,RB,,,,,,,,,,,,,,,,,,,,,,,,,,,,,,,,,,,,,,,,,,9,0,1,0,0,0,9,11,9,0,0,0,0,27
C.McCaffrey,00-0033280,yes,CAR,RB,,,,,,,,,,,,,,,,,,,,,,,,,,,,,,,,,,,,,,,,,,21,7,6,1,0,0,73,12,15,0,0,0,0,63
F.Whittaker,00-0029731,yes,CAR,RB,,,,,,,,,,,,,,,,,,,,,,,,,,,,,,,,,,,,,,,,,,,,,,,,,1,3,0,0,0,0,3
D.Byrd,00-0031868,yes,CAR,WR,,,,,,,,,,,,,,,,,,,,22,25,0,2,0,,,,,,,,,,,,,,,,,,13,13,3,2,0,0,25,,,,,,,
D.Funchess,00-0032055,yes,CAR,WR,,,,,,,,,,,,,,,,,,,,,,,,,,,,,,,,,,,,,,,,,,19,0,1,0,0,0,19,,,,,,,
G.Olsen,00-0025418,yes,CAR,TE,,,,,,,,,,,,,,,,,,,,,,,,,,,,,,,,,,,,,,,,,,30,30,9,1,0,0,116,,,,,,,
M.Adams,00-0022247,yes,CAR,DB,1,0,0,0,5,0,0,0,1,0,,,,,,,,,,,,,,,,,,,,,,,,,,,,,,,,,,,,,,,,,,,,,
G.Gano,00-0026858,yes,CAR,K,,,,,,,,,,,1,1,33,3,4,0,4,0,4,,,,,,,,,,,,,,,,,,,,,,,,,,,,,,,,,,,,
M.Palardy,00-0031363,yes,CAR,P,,,,,,,,,,,,,,,,,,,,,,,,,,,,,,,,40,2,55,4,174,,,,,,,,,,,,,,,,,,,
K.Clay,00-0032115,yes,CAR,WR,,,,,,,,,,,,,,,,,,,,,,,,,,,,,,,,,,,,,5,5,0,1,0,,,,,,,,,,,,,,
J.Byrd,00-0027018,yes,CAR,,1,0,0,0,2,,,,,,,,,,,,,,,,,,,,,,,,,,,,,,,,,,,,,,,,,,,,,,,,,,
L.Kuechly,00-0029248,yes,CAR,LB,2,0,0,0,2,,,,,,,,,,,,,,,,,,,,,,,,,,,,,,,,,,,,,,,,,,,,,,,,,,
W.Horton,00-0030251,yes,CAR,DE,0,0,0,1,1,,,,,,,,,,,,,,,,,,,,,,,,,,,,,,,,,,,,,,,,,,,,,,,,,,
C.Jones,00-0028128,yes,CAR,DB,0,0,1,0,3,,,,,,,,,,,,,,,,,,,,,,,,,,,,,,,,,,,,,,,,,,,,,,,,,,
S.Lotulelei,00-0030455,yes,CAR,DT,2,0,0,0.5,0,,,,,,,,,,,,,,,,,,,,,,,,,,,,,,,,,,,,,,,,,,,,,,,,,,
K.Coleman,00-0027835,yes,CAR,DB,4,0,0,0,6,,,,,,,,,,,,,,,,,,,,,,,,,,,,,,,,,,,,,,,,,,,,,,,,,,
T.Davis,00-0023448,yes,CAR,LB,3,0,0,0.5,1,,,,,,,,,,,,,,,,,,,,,,,,,,,,,,,,,,,,,,,,,,,,,,,,,,
K.Seymour,00-0032942,yes,CAR,CB,1,0,0,0,1,,,,,,,,,,,,,,,,,,,,,,,,,,,,,,,,,,,,,,,,,,,,,,,,,,
M.Addison,00-0028339,yes,CAR,DE,1,0,0,0.5,2,,,,,,,,,,,,,,,,,,,,,,,,,,,,,,,,,,,,,,,,,,,,,,,,,,
B.Cox,00-0033408,yes,CAR,DE,1,0,0,0,1,,,,,,,,,,,,,,,,,,,,,,,,,,,,,,,,,,,,,,,,,,,,,,,,,,
J.Peppers,00-0021140,yes,CAR,DE,2,0,0,0.5,0,,,,,,,,,,,,,,,,,,,,,,,,,,,,,,,,,,,,,,,,,,,,,,,,,,
D.Worley,00-0032891,yes,CAR,CB,1,0,1,0,6,,,,,,,,,,,,,,,,,,,,,,,,,,,,,,,,,,,,,,,,,,,,,,,,,,
J.Bradberry,00-0032890,yes,CAR,CB,3,1,1,0,4,,,,,,,,,,,,,,,,,,,,,,,,,,,,,,,,,,,,,,,,,,,,,,,,,,
A.Rodgers,00-0023459,no,GB,QB,,,,,,,,,,,,,,,,,,,,,,,,,45,26,3,3,0,0,290,,,,,,,,,,,,,,,,,,6,12,0,0,0,0,43
J.Williams,00-0033948,no,GB,RB,,,,,,,,,,,,,,,,,,,,,,,,,,,,,,,,,,,,,,,,,,,,,,,,,10,9,0,0,0,0,30
A.Jones,00-0033293,no,GB,RB,,,,,,,,,,,,,,,,,,,,,,,,,,,,,,,,,,,,,,,,,,6,0,1,0,0,0,6,3,23,0,0,0,0,47
L.Kendricks,00-0027985,no,GB,TE,,,,,,,,,,,,,,,,,,,,,,,,,,,,,,,,,,,,,,,,,,5,0,1,0,0,0,5,,,,,,,
R.Rodgers,00-0031384,no,GB,TE,,,,,,,,,,,,,,,,,,,,,,,,,,,,,,,,,,,,,,,,,,36,24,4,1,0,0,77,,,,,,,
J.Nelson,00-0026176,no,GB,WR,,,,,,,,,,,,,,,,,,,,,,,,,,,,,,,,,,,,,,,,,,17,0,3,0,0,0,28,,,,,,,
G.Allison,00-0032626,no,GB,WR,,,,,,1,0,1,0,0,,,,,,,,,,,,,,,,,,,,,,,,,,,,,,,,10,0,5,0,0,0,33,,,,,,,
D.Adams,00-0031381,no,GB,WR,,,,,,,,,,,,,,,,,,,,,,,,,,,,,,,,,,,,,,,,,,13,13,5,1,0,0,57,,,,,,,
R.Cobb,00-0028002,no,GB,WR,,,,,,,,,,,,,,,,,,,,,,,,,,,,,,,,,,,,,,,,,,33,33,7,1,0,0,84,,,,,,,
M.Crosby,00-0025580,no,GB,K,,,,,,,,,,,1,1,28,3,3,0,3,0,3,,,,,,,,,,,,,,,,,,,,,,,,,,,,,,,,,,,,
J.Vogel,00-0033364,no,GB,P,,,,,,,,,,,,,,,,,,,,,,,,,,,,,,,,39,2,50,2,82,,,,,,,,,,,,,,,,,,,
T.Davis,00-0032423,no,GB,WR,,,,,,,,,,,,,,,,,,,,,,,,,,,,,,,,,,,,,7,13,0,2,0,,,,,,,,,,,,,,
D.Lowry,00-0032412,no,GB,DE,3,0,0,0,0,,,,,,,,,,,,,,,,,,,,,,,,,,,,,,,,,,,,,,,,,,,,,,,,,,
B.Martinez,00-0032408,no,GB,LB,4,0,0,0,4,,,,,,,,,,,,,,,,,,,,,,,,,,,,,,,,,,,,,,,,,,,,,,,,,,
A.Brooks,00-0024495,no,GB,,1,0,0,0,4,,,,,,,,,,,,,,,,,,,,,,,,,,,,,,,,,,,,,,,,,,,,,,,,,,
V.Biegel,00-0033939,no,GB,LB,1,0,0,0,0,,,,,,,,,,,,,,,,,,,,,,,,,,,,,,,,,,,,,,,,,,,,,,,,,,
M.Evans,00-0032922,no,GB,SAF,0,0,0,0,1,,,,,,,,,,,,,,,,,,,,,,,,,,,,,,,,,,,,,,,,,,,,,,,,,,
M.Daniels,00-0029284,no,GB,DT,3,0,0,0,1,,,,,,,,,,,,,,,,,,,,,,,,,,,,,,,,,,,,,,,,,,,,,,,,,,
K.Clark,00-0033120,no,GB,NT,6,0,0,1,2,,,,,,,,,,,,,,,,,,,,,,,,,,,,,,,,,,,,,,,,,,,,,,,,,,
C.Matthews,00-0027002,no,GB,LB,4,0,0,0,0,,,,,,,,,,,,,,,,,,,,,,,,,,,,,,,,,,,,,,,,,,,,,,,,,,
J.Hawkins,00-0032635,no,GB,CB,3,0,0,0,2,,,,,,,,,,,,,,,,,,,,,,,,,,,,,,,,,,,,,,,,,,,,,,,,,,
M.Burnett,00-0027676,no,GB,DB,2,0,0,0,5,,,,,,,,,,,,,,,,,,,,,,,,,,,,,,,,,,,,,,,,,,,,,,,,,,
D.Randall,00-0032251,no,GB,DB,0,0,0,0,4,,,,,,,,,,,,,,,,,,,,,,,,,,,,,,,,,,,,,,,,,,,,,,,,,,
J.Jones,00-0033903,no,GB,SAF,2,0,0,0,3,,,,,,,,,,,,,,,,,,,,,,,,,,,,,,,,,,,,,,,,,,,,,,,,,,
L.Pipkins,00-0033362,no,GB,CB,0,0,0,0,1,,,,,,,,,,,,,,,,,,,,,,,,,,,,,,,,,,,,,,,,,,,,,,,,,,
H.Clinton-Dix,00-0031333,no,GB,DB,1,0,0,0,4,,,,,,,,,,,,,,,,,,,,,,,,,,,,,,,,,,,,,,,,,,,,,,,,,,
J.Thomas,00-0030761,no,GB,LB,5,0,0,0,3,,,,,,,,,,,,,,,,,,,,,,,,,,,,,,,,,,,,,,,,,,,,,,,,,,
J.Whitehead,00-0031512,no,GB,SAF,1,0,0,0,0,,,,,,,,,,,,,,,,,,,,,,,,,,,,,,,,,,,,,,,,,,,,,,,,,,
D.Kizer,00-0033899,yes,CLE,QB,,,,,,1,0,1,0,0,,,,,,,,,,,,,,,37,20,2,0,0,0,146,,,,,,,,,,,,,,,,,,7,9,0,0,0,0,35
D.Johnson Jr.,00-0032257,yes,CLE,RB,,,,,,1,0,1,0,0,,,,,,,,,,,,,,,,,,,,,,,,,,,,,,,,15,0,5,0,0,0,40,7,12,12,1,0,0,23
I.Crowell,00-0030656,yes,CLE,RB,,,,,,,,,,,,,,,,,,,,,,,,,,,,,,,,,,,,,,,,,,5,0,4,0,0,0,-7,5,59,0,0,0,0,72
J.Gordon,00-0029664,yes,CLE,WR,,,,,,,,,,,,,,,,,,,,,,,,,,,,,,,,,,,,,,,,,,18,0,5,0,0,0,47,,,,,,,
C.Coleman,00-0032966,yes,CLE,WR,,,,,,,,,,,,,,,,,,,,,,,,,,,,,,,,,,,,,,,,,,16,0,1,0,0,0,16,,,,,,,
R.Higgins,00-0032977,yes,CLE,WR,,,,,,,,,,,,,,,,,,,,,,,,,,,,,,,,,,,,,,,,,,5,0,2,0,0,0,10,,,,,,,
S.Coates,00-0032166,yes,CLE,WR,,,,,,,,,,,,,,,,,,,,,,,,,,,,,,,,,,,,,,,,,,8,0,1,0,0,0,8,,,,,,,
S.DeValve,00-0033080,yes,CLE,TE,,,,,,,,,,,,,,,,,,,,,,,,,,,,,,,,,,,,,,,,,,23,0,2,0,0,0,32,,,,,,,
Z.Gonzalez,00-0033862,yes,CLE,K,,,,,,,,,,,1,1,45,3,1,0,1,0,1,,,,,,,,,,,,,,,,,,,,,,,,,,,,,,,,,,,,
B.Colquitt,00-0026516,yes,CLE,P,,,,,,,,,,,,,,,,,,,,,,,,,,,,,,,,43,0,51,5,216,,,,,,,,,,,,,,,,,,,
J.Peppers,00-0033883,yes,CLE,DB,1,0,0,0,5,,,,,,,,,,,,,,,25,29,0,3,0,,,,,,,,,,,,,11,11,0,1,0,,,,,,,,,,,,,,
K.Nacua,00-0033649,yes,CLE,DB,0,0,0,0,1,,,,,,,,,,,,,,,,,,,,,,,,,,,,,,,,,,,,,,,,,,,,,,,,,,
D.Kindred,00-0033076,yes,CLE,DB,1,0,0,0,2,,,,,,,,,,,,,,,,,,,,,,,,,,,,,,,,,,,,,,,,,,,,,,,,,,
T.Coley,00-0032566,yes,CLE,DT,1,0,0,1,2,,,,,,,,,,,,,,,,,,,,,,,,,,,,,,,,,,,,,,,,,,,,,,,,,,
D.Shelton,00-0032143,yes,CLE,DL,0,0,0,0,1,,,,,,,,,,,,,,,,,,,,,,,,,,,,,,,,,,,,,,,,,,,,,,,,,,
N.Orchard,00-0031556,yes,CLE,DE,1,0,0,0,0,,,,,,,,,,,,,,,,,,,,,,,,,,,,,,,,,,,,,,,,,,,,,,,,,,
J.McCourty,00-0027136,yes,CLE,CB,1,0,0,0,3,,,,,,,,,,,,,,,,,,,,,,,,,,,,,,,,,,,,,,,,,,,,,,,,,,
C.Kirksey,00-0031361,yes,CLE,LB,6,0,0,0,7,,,,,,,,,,,,,,,,,,,,,,,,,,,,,,,,,,,,,,,,,,,,,,,,,,
C.Smith,00-0032856,yes,CLE,CB,0,0,0,0,1,,,,,,,,,,,,,,,,,,,,,,,,,,,,,,,,,,,,,,,,,,,,,,,,,,
M.Garrett,00-0033868,yes,CLE,DE,1,0,0,0,1,,,,,,,,,,,,,,,,,,,,,,,,,,,,,,,,,,,,,,,,,,,,,,,,,,
L.Edwards,00-0030488,yes,CLE,,1,0,0,0,0,,,,,,,,,,,,,,,,,,,,,,,,,,,,,,,,,,,,,,,,,,,,,,,,,,
L.Ogunjobi,00-0033905,yes,CLE,DT,1,0,0,0,3,,,,,,,,,,,,,,,,,,,,,,,,,,,,,,,,,,,,,,,,,,,,,,,,,,
J.Schobert,00-0033125,yes,CLE,LB,3,0,0,0,2,,,,,,,,,,,,,,,,,,,,,,,,,,,,,,,,,,,,,,,,,,,,,,,,,,
J.Burgess Jr.,00-0032627,yes,CLE,LB,1,0,0,0,5,,,,,,,,,,,,,,,,,,,,,,,,,,,,,,,,,,,,,,,,,,,,,,,,,,
C.Nassib,00-0033129,yes,CLE,DE,1,0,0,0,1,,,,,,,,,,,,,,,,,,,,,,,,,,,,,,,,,,,,,,,,,,,,,,,,,,
M.Jordan,00-0032676,yes,CLE,CB,3,0,0,0,5,,,,,,,,,,,,,,,,,,,,,,,,,,,,,,,,,,,,,,,,,,,,,,,,,,
C.Brantley,00-0033962,yes,CLE,DT,0,0,0,0,3,,,,,,,,,,,,,,,,,,,,,,,,,,,,,,,,,,,,,,,,,,,,,,,,,,
J.Flacco,00-0026158,no,BAL,QB,,,,,,,,,,,,,,,,,,,,,,,,,42,26,0,1,0,0,288,,,,,,,,,,,,,,,,,,4,3,2,1,0,0,3
M.Williams,00-0031558,no,BAL,TE,,,,,,,,,,,,,,,,,,,,,,,,,,,,,,,,,,,,,,,,,,,,,,,,,1,4,0,0,0,0,4
A.Collins,00-0032426,no,BAL,RB,,,,,,,,,,,,,,,,,,,,,,,,,,,,,,,,,,,,,,,,,,14,0,5,0,0,0,33,12,6,0,0,0,0,19
D.Woodhead,00-0026019,no,BAL,,,,,,,,,,,,,,,,,,,,,,,,,,,,,,,,,,,,,,,,,,,9,0,6,0,0,0,31,1,1,0,0,0,0,1
J.Allen,00-0031577,no,BAL,RB,,,,,,,,,,,,,,,,,,,,,,,,,,,,,,,,,,,,,,,,,,4,0,1,0,0,0,4,13,16,0,0,0,0,70
M.Campanaro,00-0031025,no,BAL,WR,,,,,,,,,,,,,,,,,,,,,,,,,,,,,,,,,,,,,0,0,0,1,0,17,0,1,0,0,0,17,,,,,,,
N.Boyle,00-0031598,no,BAL,TE,,,,,,,,,,,,,,,,,,,,,,,,,,,,,,,,,,,,,,,,,,9,0,1,0,0,0,9,,,,,,,
J.Maclin,00-0026995,no,BAL,,,,,,,,,,,,,,,,,,,,,,,,,,,,,,,,,,,,,,,,,,,22,0,1,0,0,0,22,,,,,,,
B.Watson,00-0022943,no,BAL,TE,,,,,,,,,,,,,,,,,,,,,,,,,,,,,,,,,,,,,,,,,,33,33,4,1,0,0,74,,,,,,,
M.Wallace,00-0026901,no,BAL,WR,,,,,,,,,,,,,,,,,,,,,,,,,,,,,,,,,,,,,,,,,,30,0,6,0,0,0,89,,,,,,,
B.Perriman,00-0032054,no,BAL,WR,,,,,,,,,,,,,,,,,,,,,,,,,,,,,,,,,,,,,,,,,,9,0,1,0,0,0,9,,,,,,,
B.Williams,00-0030511,no,BAL,DT,,,,,,0,0,0,1,1,,,,,,,,,,,,,,,,,,,,,,,,,,,,,,,,,,,,,,,,,,,,,
A.Levine Sr.,00-0027539,no,BAL,DB,0,0,0,0,4,0,0,0,1,0,,,,,,,,,,,,,,,,,,,,,,,,,,,,,,,,,,,,,,,,,,,,,
J.Tucker,00-0029597,no,BAL,K,,,,,,,,,,,2,2,43,6,3,0,3,0,3,,,,,,,,,,,,,,,,,,,,,,,,,,,,,,,,,,,,
S.Koch,00-0024417,no,BAL,P,,,,,,,,,,,,,,,,,,,,,,,,,,,,,,,,41,4,58,5,215,,,,,,,,,,,,,,,,,,,
M.Canady,00-0032438,no,BAL,CB,0,0,0,0,6,,,,,,,,,,,,,,,,,,,,,,,,,,,,,,,,,,,,,,,,,,,,,,,,,,
E.Weddle,00-0025424,no,BAL,DB,1,0,1,0,1,,,,,,,,,,,,,,,,,,,,,,,,,,,,,,,,,,,,,,,,,,,,,,,,,,
C.Mosley,00-0031296,no,BAL,LB,1,1,0,0,5,,,,,,,,,,,,,,,,,,,,,,,,,,,,,,,,,,,,,,,,,,,,,,,,,,
M.Judon,00-0032415,no,BAL,LB,2,0,0,1,4,,,,,,,,,,,,,,,,,,,,,,,,,,,,,,,,,,,,,,,,,,,,,,,,,,
M.Pierce,00-0032574,no,BAL,DT,1,0,0,0,1,,,,,,,,,,,,,,,,,,,,,,,,,,,,,,,,,,,,,,,,,,,,,,,,,,
B.Carr,00-0026280,no,BAL,DB,0,0,1,0,4,,,,,,,,,,,,,,,,,,,,,,,,,,,,,,,,,,,,,,,,,,,,,,,,,,
M.Humphrey,00-0033281,no,BAL,CB,0,0,0,0,1,,,,,,,,,,,,,,,,,,,,,,,,,,,,,,,,,,,,,,,,,,,,,,,,,,
T.Bowser,00-0033283,no,BAL,LB,1,0,0,0,0,,,,,,,,,,,,,,,,,,,,,,,,,,,,,,,,,,,,,,,,,,,,,,,,,,
P.Onwuasor,00-0032573,no,BAL,LB,4,0,0,0,3,,,,,,,,,,,,,,,,,,,,,,,,,,,,,,,,,,,,,,,,,,,,,,,,,,
Z.Smith,00-0031576,no,BAL,LB,0,1,0,1,1,,,,,,,,,,,,,,,,,,,,,,,,,,,,,,,,,,,,,,,,,,,,,,,,,,
L.Webb,00-0027060,no,BAL,,0,0,0,0,1,,,,,,,,,,,,,,,,,,,,,,,,,,,,,,,,,,,,,,,,,,,,,,,,,,
T.Suggs,00-0022161,no,BAL,LB,1,0,0,0,1,,,,,,,,,,,,,,,,,,,,,,,,,,,,,,,,,,,,,,,,,,,,,,,,,,
T.Jefferson,00-0030294,no,BAL,DB,1,0,0,0,1,,,,,,,,,,,,,,,,,,,,,,,,,,,,,,,,,,,,,,,,,,,,,,,,,,
W.Henry,00-0032409,no,BAL,DT,0,0,0,0,1,,,,,,,,,,,,,,,,,,,,,,,,,,,,,,,,,,,,,,,,,,,,,,,,,,
B.Bortles,00-0031407,yes,JAX,QB,,,,,,,,,,,,,,,,,,,,,,,,,29,21,0,3,0,0,326,,,,,,,,,,,,,,,,,,,,,,,,
C.Henne,00-0026197,yes,JAX,QB,,,,,,,,,,,,,,,,,,,,,,,,,,,,,,,,,,,,,,,,,,,,,,,,,2,-1,0,0,0,0,-2
C.Grant,00-0031731,yes,JAX,RB,,,,,,,,,,,,,,,,,,,,22,22,0,2,0,,,,,,,,,,,,,,,,,,,,,,,,,10,20,8,1,0,0,69
T.Yeldon,00-0032209,yes,JAX,RB,,,,,,,,,,,,,,,,,,,,,,,,,,,,,,,,,,,,,,,,,,11,0,4,0,0,0,25,7,9,0,0,0,0,27
T.Bohanon,00-0030112,yes,JAX,RB,,,,,,,,,,,,,,,,,,,,,,,,,,,,,,,,,,,,,,,,,,,,,,,,,2,1,1,2,0,0,2
C.Ivory,00-0027531,yes,JAX,RB,,,,,,,,,,,,,,,,,,,,,,,,,,,,,,,,,,,,,,,,,,,,,,,,,17,8,0,0,0,0,42
M.Lewis,00-0024243,yes,JAX,TE,,,,,,,,,,,,,,,,,,,,,,,,,,,,,,,,,,,,,,,,,,9,0,2,0,0,0,18,,,,,,,
B.Koyack,00-0032139,yes,JAX,TE,,,,,,,,,,,,,,,,,,,,,,,,,,,,,,,,,,,,,,,,,,0,0,1,0,0,0,0,,,,,,,
J.O'Shaughnessy,00-0031951,yes,JAX,TE,,,,,,,,,,,,,,,,,,,,,,,,,,,,,,,,,,,,,,,,,,15,0,1,0,0,0,15,,,,,,,
J.Mickens,00-0033006,yes,JAX,WR,,,,,,,,,,,,,,,,,,,,,,,,,,,,,,,,,,,,,7,26,0,5,0,41,14,4,2,0,0,61,,,,,,,
K.Cole,00-0033681,yes,JAX,WR,,,,,,,,,,,,,,,,,,,,,,,,,,,,,,,,,,,,,,,,,,73,9,7,1,0,0,186,,,,,,,
D.Westbrook,00-0033839,yes,JAX,WR,,,,,,,,,,,,,,,,,,,,,,,,,,,,,,,,,,,,,19,19,0,1,0,14,0,2,0,0,0,21,,,,,,,
J.Lambo,00-0032087,yes,JAX,K,,,,,,,,,,,1,1,38,3,6,0,6,0,6,,,,,,,,,,,,,,,,,,,,,,,,,,,,,,,,,,,,
B.Nortman,00-0029304,yes,JAX,,,,,,,,,,,,,,,,,,,,,,,,,,,,,,,,,45,3,65,6,283,,,,,,,,,,,,,,,,,,,
J.Ramsey,00-0033055,yes,JAX,CB,0,0,0,0,4,,,,,,,,,,,,,,,,,,,,,,,,,,,,,,,,,,,,,,,,,,,,,,,,,,
A.Jones,00-0029946,yes,JAX,DT,0,0,0,0,2,,,,,,,,,,,,,,,,,,,,,,,,,,,,,,,,,,,,,,,,,,,,,,,,,,
T.Gipson,00-0028924,yes,JAX,DB,0,0,0,0,3,,,,,,,,,,,,,,,,,,,,,,,,,,,,,,,,,,,,,,,,,,,,,,,,,,
A.Colvin,00-0031259,yes,JAX,DB,1,0,0,0,2,,,,,,,,,,,,,,,,,,,,,,,,,,,,,,,,,,,,,,,,,,,,,,,,,,
M.Jack,00-0032968,yes,JAX,LB,2,0,0,0,1,,,,,,,,,,,,,,,,,,,,,,,,,,,,,,,,,,,,,,,,,,,,,,,,,,
C.Campbell,00-0026190,yes,JAX,DT,0,0,0,2,5,,,,,,,,,,,,,,,,,,,,,,,,,,,,,,,,,,,,,,,,,,,,,,,,,,
B.Church,00-0027416,yes,JAX,DB,1,0,1,0,2,,,,,,,,,,,,,,,,,,,,,,,,,,,,,,,,,,,,,,,,,,,,,,,,,,
Y.Ngakoue,00-0033123,yes,JAX,DE,0,0,0,0,1,,,,,,,,,,,,,,,,,,,,,,,,,,,,,,,,,,,,,,,,,,,,,,,,,,
T.Smith,00-0031309,yes,JAX,LB,1,0,0,0,2,,,,,,,,,,,,,,,,,,,,,,,,,,,,,,,,,,,,,,,,,,,,,,,,,,
D.Fowler,00-0032052,yes,JAX,DE,0,0,0,1,2,,,,,,,,,,,,,,,,,,,,,,,,,,,,,,,,,,,,,,,,,,,,,,,,,,
B.Brown,00-0033841,yes,JAX,LB,0,0,0,0,1,,,,,,,,,,,,,,,,,,,,,,,,,,,,,,,,,,,,,,,,,,,,,,,,,,
M.Jackson,00-0029568,yes,JAX,DT,0,1,0,1,1,,,,,,,,,,,,,,,,,,,,,,,,,,,,,,,,,,,,,,,,,,,,,,,,,,
D.Smoot,00-0033907,yes,JAX,DE,0,0,0,0,1,,,,,,,,,,,,,,,,,,,,,,,,,,,,,,,,,,,,,,,,,,,,,,,,,,
M.Dareus,00-0027941,yes,JAX,DT,0,0,0,0,2,,,,,,,,,,,,,,,,,,,,,,,,,,,,,,,,,,,,,,,,,,,,,,,,,,
A.Bouye,00-0030228,yes,JAX,DB,0,0,0,0,4,,,,,,,,,,,,,,,,,,,,,,,,,,,,,,,,,,,,,,,,,,,,,,,,,,
J.Wilson,00-0032525,yes,JAX,DB,0,0,0,0,2,,,,,,,,,,,,,,,,,,,,,,,,,,,,,,,,,,,,,,,,,,,,,,,,,,
T.Yates,00-0028090,no,HOU,,,,,,,0,1,2,1,0,,,,,,,,,,,,,,,31,12,1,1,0,0,128,,,,,,,,,,,,,,,,,,,,,,,,
L.Miller,00-0029615,no,HOU,RB,,,,,,,,,,,,,,,,,,,,,,,,,,,,,,,,,,,,,,,,,,1,0,2,0,0,0,1,9,11,0,0,0,0,32
A.Blue,00-0031075,no,HOU,RB,,,,,,,,,,,,,,,,,,,,,,,,,,,,,,,,,,,,,,,,,,,,,,,,,12,7,0,0,0,0,55
D.Hopkins,00-0030564,no,HOU,WR,,,,,,,,,,,,,,,,,,,,,,,,,,,,,,,,,,,,,,,,,,40,25,4,1,0,0,80,,,,,,,
J.Prosch,00-0031085,no,HOU,RB,,,,,,,,,,,,,,,,,,,,,,,,,,,,,,,,,,,,,,,,,,3,0,1,0,0,0,3,,,,,,,
W.Fuller V,00-0033127,no,HOU,WR,,,,,,,,,,,,,,,,,,,,,,,,,,,,,,,,,,,,,16,16,0,1,0,15,0,5,0,0,0,44,,,,,,,
B.Giacomini,00-0026290,no,HOU,OT,,,,,,0,1,0,1,0,,,,,,,,,,,,,,,,,,,,,,,,,,,,,,,,,,,,,,,,,,,,,
K.Fairbairn,00-0032726,no,HOU,K,,,,,,,,,,,0,0,0,0,1,0,1,0,1,,,,,,,,,,,,,,,,,,,,,,,,,,,,,,,,,,,,
S.Lechler,00-0019714,no,HOU,P,,,,,,,,,,,,,,,,,,,,,,,,,,,,,,,,42,3,58,11,518,,,,,,,,,,,,,,,,,,,
C.Thompson,00-0033855,no,HOU,WR,,,,,,,,,,,,,,,,,,,,12,22,0,2,0,,,,,,,,,,,,,,,,,,,,,,,,,,,,,,,
A.Hal,00-0031087,no,HOU,DB,2,0,0,0,2,,,,,,,,,,,,,,,,,,,,,,,,,,,,,,,,,,,,,,,,,,,,,,,,,,
J.Joseph,00-0024239,no,HOU,DB,0,0,0,0,3,,,,,,,,,,,,,,,,,,,,,,,,,,,,,,,,,,,,,,,,,,,,,,,,,,
A.Blackson,00-0032107,no,HOU,DE,0,0,0,0,1,,,,,,,,,,,,,,,,,,,,,,,,,,,,,,,,,,,,,,,,,,,,,,,,,,
L.Lewis,00-0033477,no,HOU,LB,0,0,0,0,2,,,,,,,,,,,,,,,,,,,,,,,,,,,,,,,,,,,,,,,,,,,,,,,,,,
J.Clowney,00-0031364,no,HOU,DE,2,0,0,0,2,,,,,,,,,,,,,,,,,,,,,,,,,,,,,,,,,,,,,,,,,,,,,,,,,,
C.Watkins,00-0033563,no,HOU,DE,1,0,0,0,1,,,,,,,,,,,,,,,,,,,,,,,,,,,,,,,,,,,,,,,,,,,,,,,,,,
K.Johnson,00-0031548,no,HOU,CB,0,0,0,0,2,,,,,,,,,,,,,,,,,,,,,,,,,,,,,,,,,,,,,,,,,,,,,,,,,,
D.Cole,00-0033765,no,HOU,LB,0,0,0,0,1,,,,,,,,,,,,,,,,,,,,,,,,,,,,,,,,,,,,,,,,,,,,,,,,,,
B.Cushing,00-0026991,no,HOU,,2,0,0,1,4,,,,,,,,,,,,,,,,,,,,,,,,,,,,,,,,,,,,,,,,,,,,,,,,,,
D.Reader,00-0032424,no,HOU,NT,0,0,0,0,2,,,,,,,,,,,,,,,,,,,,,,,,,,,,,,,,,,,,,,,,,,,,,,,,,,
Z.Cunningham,00-0033547,no,HOU,LB,1,0,0,0,4,,,,,,,,,,,,,,,,,,,,,,,,,,,,,,,,,,,,,,,,,,,,,,,,,,
C.Moore,00-0032050,no,HOU,DB,0,0,0,0,3,,,,,,,,,,,,,,,,,,,,,,,,,,,,,,,,,,,,,,,,,,,,,,,,,,
K.Jackson,00-0027872,no,HOU,DB,0,0,0,0,4,,,,,,,,,,,,,,,,,,,,,,,,,,,,,,,,,,,,,,,,,,,,,,,,,,
B.McKinney,00-0031553,no,HOU,LB,1,0,0,0,4,,,,,,,,,,,,,,,,,,,,,,,,,,,,,,,,,,,,,,,,,,,,,,,,,,
J.Heath,00-0032727,no,HOU,DE,0,0,0,0,5,,,,,,,,,,,,,,,,,,,,,,,,,,,,,,,,,,,,,,,,,,,,,,,,,,
M.Gilchrist,00-0027988,no,HOU,DB,1,0,0,0,5,,,,,,,,,,,,,,,,,,,,,,,,,,,,,,,,,,,,,,,,,,,,,,,,,,
B.Dunn,00-0031127,no,HOU,DT,1,0,0,0,2,,,,,,,,,,,,,,,,,,,,,,,,,,,,,,,,,,,,,,,,,,,,,,,,,,
C.Keenum,00-0028986,yes,MIN,QB,,,,,,,,,,,,,,,,,,,,,,,,,23,20,0,2,0,0,236,,,,,,,,,,,,,,,,,,1,20,0,0,0,0,20
T.Bridgewater,00-0031237,yes,MIN,QB,,,,,,,,,,,,,,,,,,,,,,,,,2,0,1,0,0,0,0,,,,,,,,,,,,,,,,,,3,-1,0,0,0,0,-3
S.Diggs,00-0031588,yes,MIN,WR,,,,,,,,,,,,,,,,,,,,,,,,,,,,,,,,,,,,,,,,,,20,20,5,1,0,0,30,1,7,0,0,0,0,7
J.McKinnon,00-0031376,yes,MIN,RB,,,,,,,,,,,,,,,,,,,,,,,,,,,,,,,,,,,,,,,,,,41,0,7,0,0,0,114,9,9,0,0,0,0,24
L.Murray,00-0030513,yes,MIN,RB,,,,,,,,,,,,,,,,,,,,,,,,,,,,,,,,,,,,,,,,,,28,0,1,0,0,0,28,20,14,1,1,0,0,76
C.Ham,00-0032918,yes,MIN,FB,,,,,,,,,,,,,,,,,,,,,,,,,,,,,,,,,,,,,,,,,,6,0,1,0,0,0,6,,,,,,,
K.Rudolph,00-0027981,yes,MIN,TE,,,,,,,,,,,,,,,,,,,,,,,,,,,,,,,,,,,,,,,,,,16,1,2,1,0,0,17,,,,,,,
J.Wright,00-0029572,yes,MIN,WR,,,,,,,,,,,,,,,,,,,,,,,,,,,,,,,,,,,,,,,,,,11,0,1,0,0,0,11,,,,,,,
A.Thielen,00-0030035,yes,MIN,WR,,,,,,,,,,,,,,,,,,,,,,,,,,,,,,,,,,,,,,,,,,21,0,3,0,0,0,30,,,,,,,
K.Forbath,00-0028787,yes,MIN,,,,,,,,,,,,2,2,53,6,4,0,4,0,4,,,,,,,,,,,,,,,,,,,,,,,,,,,,,,,,,,,,
R.Quigley,00-0029493,yes,MIN,P,,,,,,,,,,,,,,,,,,,,,,,,,,,,,,,,41,3,53,5,217,,,,,,,,,,,,,,,,,,,
M.Sherels,00-0027547,yes,MIN,DB,,,,,,,,,,,,,,,,,,,,,,,,,,,,,,,,,,,,,8,16,0,5,0,,,,,,,,,,,,,,
A.Sendejo,00-0027914,yes,MIN,DB,1,0,0,0,2,,,,,,,,,,,,,,,,,,,,,,,,,,,,,,,,,,,,,,,,,,,,,,,,,,
H.Smith,00-0029606,yes,MIN,DB,1,0,0,0,1,,,,,,,,,,,,,,,,,,,,,,,,,,,,,,,,,,,,,,,,,,,,,,,,,,
T.Johnson,00-0024030,yes,MIN,DT,2,0,0,0,0,,,,,,,,,,,,,,,,,,,,,,,,,,,,,,,,,,,,,,,,,,,,,,,,,,
X.Rhodes,00-0030575,yes,MIN,DB,1,0,0,0,3,,,,,,,,,,,,,,,,,,,,,,,,,,,,,,,,,,,,,,,,,,,,,,,,,,
E.Lamur,00-0029479,yes,MIN,LB,4,0,0,0,1,,,,,,,,,,,,,,,,,,,,,,,,,,,,,,,,,,,,,,,,,,,,,,,,,,
E.Kendricks,00-0031554,yes,MIN,LB,2,0,1,0,3,,,,,,,,,,,,,,,,,,,,,,,,,,,,,,,,,,,,,,,,,,,,,,,,,,
D.Hunter,00-0031565,yes,MIN,DE,2,0,0,1,1,,,,,,,,,,,,,,,,,,,,,,,,,,,,,,,,,,,,,,,,,,,,,,,,,,
K.Brothers,00-0032422,yes,MIN,LB,1,0,0,0,1,,,,,,,,,,,,,,,,,,,,,,,,,,,,,,,,,,,,,,,,,,,,,,,,,,
B.Robison,00-0025489,yes,MIN,DE,1,0,0,2,3,,,,,,,,,,,,,,,,,,,,,,,,,,,,,,,,,,,,,,,,,,,,,,,,,,
A.Barr,00-0031256,yes,MIN,LB,2,0,0,0,1,,,,,,,,,,,,,,,,,,,,,,,,,,,,,,,,,,,,,,,,,,,,,,,,,,
T.Waynes,00-0031546,yes,MIN,CB,0,0,0,0,1,,,,,,,,,,,,,,,,,,,,,,,,,,,,,,,,,,,,,,,,,,,,,,,,,,
E.Griffen,00-0027701,yes,MIN,DE,1,0,0,0,1,,,,,,,,,,,,,,,,,,,,,,,,,,,,,,,,,,,,,,,,,,,,,,,,,,
T.Newman,00-0022045,yes,MIN,DB,0,0,1,0,1,,,,,,,,,,,,,,,,,,,,,,,,,,,,,,,,,,,,,,,,,,,,,,,,,,
J.Kearse,00-0032454,yes,MIN,SAF,1,0,0,0,2,,,,,,,,,,,,,,,,,,,,,,,,,,,,,,,,,,,,,,,,,,,,,,,,,,
S.Stephen,00-0031242,yes,MIN,DT,2,0,0,0,0,,,,,,,,,,,,,,,,,,,,,,,,,,,,,,,,,,,,,,,,,,,,,,,,,,
B.Gedeon,00-0033944,yes,MIN,LB,1,0,0,0,1,,,,,,,,,,,,,,,,,,,,,,,,,,,,,,,,,,,,,,,,,,,,,,,,,,
L.Joseph,00-0027885,yes,MIN,DT,2,0,0,0,2,,,,,,,,,,,,,,,,,,,,,,,,,,,,,,,,,,,,,,,,,,,,,,,,,,
A.Dalton,00-0027973,no,CIN,QB,,,,,,,,,,,,,,,,,,,,,,,,,22,11,2,0,0,0,113,,,,,,,,,,,,,,,,,,,,,,,,
A.McCarron,00-0031288,no,CIN,QB,,,,,,,,,,,,,,,,,,,,,,,,,6,3,0,0,0,0,19,,,,,,,,,,,,,,,,,,,,,,,,
G.Bernard,00-0030456,no,CIN,RB,,,,,,,,,,,,,,,,,,,,,,,,,,,,,,,,,,,,,,,,,,12,0,3,0,0,0,13,14,4,2,1,0,0,30
J.Malone,00-0033859,no,CIN,WR,,,,,,,,,,,,,,,,,,,,,,,,,,,,,,,,,,,,,,,,,,,,,,,,,1,4,0,0,0,0,4
B.Hill,00-0033567,no,CIN,RB,,,,,,,,,,,,,,,,,,,,,,,,,,,,,,,,,,,,,,,,,,,,,,,,,5,8,0,0,0,0,12
C.Uzomah,00-0032134,no,CIN,TE,,,,,,,,,,,,,,,,,,,,,,,,,,,,,,,,,,,,,,,,,,9,0,4,0,0,0,24,,,,,,,
B.LaFell,00-0027681,no,CIN,,,,,,,,,,,,,,,,,,,,,,,,,,,,,,,,,,,,,,,,,,,45,0,2,0,0,0,53,,,,,,,
A.Erickson,00-0032543,no,CIN,WR,,,,,,0,1,1,1,0,,,,,,,,,,22,30,0,2,0,,,,,,,,,,,,,6,11,0,2,0,11,0,1,0,0,0,11,,,,,,,
A.Green,00-0027942,no,CIN,WR,,,,,,,,,,,,,,,,,,,,,,,,,,,,,,,,,,,,,,,,,,16,0,2,0,0,0,30,,,,,,,
T.Kroft,00-0032214,no,CIN,TE,,,,,,,,,,,,,,,,,,,,,,,,,,,,,,,,,,,,,,,,,,6,0,2,0,0,0,1,,,,,,,
R.Bullock,00-0029421,no,CIN,K,,,,,,,,,,,0,0,0,0,1,0,1,0,1,,,,,,,,,,,,,,,,,,,,,,,,,,,,,,,,,,,,
K.Huber,00-0027103,no,CIN,P,,,,,,,,,,,,,,,,,,,,,,,,,,,,,,,,41,2,53,8,365,,,,,,,,,,,,,,,,,,,
A.Billings,00-0033066,no,CIN,DT,0,0,0,0,1,,,,,,,,,,,,,,,,,,,,,,,,,,,,,,,,,,,,,,,,,,,,,,,,,,
M.Johnson,00-0027044,no,CIN,DE,3,0,0,0,1,,,,,,,,,,,,,,,,,,,,,,,,,,,,,,,,,,,,,,,,,,,,,,,,,,
R.Glasgow,00-0033786,no,CIN,DT,1,0,0,0,0,,,,,,,,,,,,,,,,,,,,,,,,,,,,,,,,,,,,,,,,,,,,,,,,,,
C.Fejedelem,00-0032807,no,CIN,SAF,5,0,0,0,4,,,,,,,,,,,,,,,,,,,,,,,,,,,,,,,,,,,,,,,,,,,,,,,,,,
V.Rey,00-0027245,no,CIN,LB,4,0,0,0,7,,,,,,,,,,,,,,,,,,,,,,,,,,,,,,,,,,,,,,,,,,,,,,,,,,
P.Sims,00-0026217,no,CIN,,0,0,0,0,1,,,,,,,,,,,,,,,,,,,,,,,,,,,,,,,,,,,,,,,,,,,,,,,,,,
C.Smith,00-0031264,no,CIN,DE,1,0,0,0,1,,,,,,,,,,,,,,,,,,,,,,,,,,,,,,,,,,,,,,,,,,,,,,,,,,
D.Dennard,00-0031380,no,CIN,DB,2,0,0,0,3,,,,,,,,,,,,,,,,,,,,,,,,,,,,,,,,,,,,,,,,,,,,,,,,,,
G.Atkins,00-0027720,no,CIN,DT,1,0,0,2,3,,,,,,,,,,,,,,,,,,,,,,,,,,,,,,,,,,,,,,,,,,,,,,,,,,
C.Dunlap,00-0027662,no,CIN,DE,0,0,0,0,2,,,,,,,,,,,,,,,,,,,,,,,,,,,,,,,,,,,,,,,,,,,,,,,,,,
S.Williams,00-0030471,no,CIN,DB,2,0,1,0,1,,,,,,,,,,,,,,,,,,,,,,,,,,,,,,,,,,,,,,,,,,,,,,,,,,
J.Evans,00-0033790,no,CIN,LB,3,0,0,0,3,,,,,,,,,,,,,,,,,,,,,,,,,,,,,,,,,,,,,,,,,,,,,,,,,,
T.McRae,00-0032934,no,CIN,CB,0,0,0,0,1,,,,,,,,,,,,,,,,,,,,,,,,,,,,,,,,,,,,,,,,,,,,,,,,,,
W.Jackson,00-0033107,no,CIN,CB,1,0,0,0,4,,,,,,,,,,,,,,,,,,,,,,,,,,,,,,,,,,,,,,,,,,,,,,,,,,
J.Willis,00-0033912,no,CIN,DE,0,0,0,0,1,,,,,,,,,,,,,,,,,,,,,,,,,,,,,,,,,,,,,,,,,,,,,,,,,,
H.Nickerson,00-0033344,no,CIN,LB,0,0,0,0,4,,,,,,,,,,,,,,,,,,,,,,,,,,,,,,,,,,,,,,,,,,,,,,,,,,
J.Shaw,00-0032168,no,CIN,CB,1,0,0,0,1,,,,,,,,,,,,,,,,,,,,,,,,,,,,,,,,,,,,,,,,,,,,,,,,,,
D.Brees,00-0020531,yes,NO,QB,,,,,,,,,,,,,,,,,,,,,,,,,36,26,1,2,0,0,285,,,,,,,,,,,,,,,,,,1,-1,0,0,0,0,-1
A.Kamara,00-0033906,yes,NO,RB,,,,,,,,,,,,,,,,,,,,,,,,,,,,,,,,,,,,,,,,,,29,10,6,1,0,0,45,12,12,0,0,0,0,44
T.Lewis,00-0032881,yes,NO,WR,,,,,,,,,,,,,,,,,,,,24,24,0,1,0,,,,,,,,,,,,,7,17,0,5,0,,,,,,,,1,6,0,0,0,0,6
M.Ingram,00-0027966,yes,NO,RB,,,,,,,,,,,,,,,,,,,,,,,,,,,,,,,,,,,,,,,,,,54,0,5,0,0,0,77,12,50,50,2,0,0,74
Z.Line,00-0029931,yes,NO,RB,,,,,,,,,,,,,,,,,,,,,,,,,,,,,,,,,,,,,,,,,,5,0,1,0,0,0,5,2,5,0,0,0,0,8
W.Snead,00-0030663,yes,NO,WR,,,,,,,,,,,,,,,,,,,,,,,,,,,,,,,,,,,,,,,,,,23,0,1,0,0,0,23,,,,,,,
M.Thomas,00-0032765,yes,NO,WR,,,,,,,,,,,,,,,,,,,,,,,,,,,,,,,,,,,,,,,,,,20,4,9,1,0,0,93,,,,,,,
J.Hill,00-0030216,yes,NO,TE,,,,,,,,,,,,,,,,,,,,,,,,,,,,,,,,,,,,,,,,,,22,0,1,0,0,0,22,,,,,,,
B.Coleman,00-0030801,yes,NO,,,,,,,2,0,2,0,0,,,,,,,,,,,,,,,,,,,,,,,,,,,,,,,,16,0,3,0,0,0,20,,,,,,,
W.Lutz,00-0032569,yes,NO,K,,,,,,,,,,,1,1,23,3,4,0,4,0,4,,,,,,,,,,,,,,,,,,,,,,,,,,,,,,,,,,,,
T.Morstead,00-0027114,yes,NO,P,,,,,,,,,,,,,,,,,,,,,,,,,,,,,,,,47,1,53,4,187,,,,,,,,,,,,,,,,,,,
G.Griffin,00-0033095,yes,NO,TE,,,,,,,,,,,,,,,,,,,,11,11,0,1,0,,,,,,,,,,,,,,,,,,,,,,,,,,,,,,,
G.Johnson,00-0027495,yes,NO,DE,0,0,0,1,2,,,,,,,,,,,,,,,,,,,,,,,,,,,,,,,,,,,,,,,,,,,,,,,,,,
M.Mauti,00-0030392,yes,NO,,0,0,0,0,1,,,,,,,,,,,,,,,,,,,,,,,,,,,,,,,,,,,,,,,,,,,,,,,,,,
M.Te'o,00-0030278,yes,NO,LB,2,0,0,0,5,,,,,,,,,,,,,,,,,,,,,,,,,,,,,,,,,,,,,,,,,,,,,,,,,,
C.Robertson,00-0028834,yes,NO,LB,4,0,1,0,3,,,,,,,,,,,,,,,,,,,,,,,,,,,,,,,,,,,,,,,,,,,,,,,,,,
K.Vaccaro,00-0030060,yes,NO,DB,2,0,0,0,8,,,,,,,,,,,,,,,,,,,,,,,,,,,,,,,,,,,,,,,,,,,,,,,,,,
S.Rankins,00-0032759,yes,NO,DT,1,0,0,0,2,,,,,,,,,,,,,,,,,,,,,,,,,,,,,,,,,,,,,,,,,,,,,,,,,,
T.Davison,00-0031947,yes,NO,DT,1,0,0,0,0,,,,,,,,,,,,,,,,,,,,,,,,,,,,,,,,,,,,,,,,,,,,,,,,,,
K.Crawley,00-0032875,yes,NO,CB,1,0,0,0,3,,,,,,,,,,,,,,,,,,,,,,,,,,,,,,,,,,,,,,,,,,,,,,,,,,
V.Bell,00-0032939,yes,NO,DB,0,0,0,0,2,,,,,,,,,,,,,,,,,,,,,,,,,,,,,,,,,,,,,,,,,,,,,,,,,,
H.Kikaha,00-0032056,yes,NO,DE,1,0,0,0,1,,,,,,,,,,,,,,,,,,,,,,,,,,,,,,,,,,,,,,,,,,,,,,,,,,
J.Hughes,00-0029266,yes,NO,,1,0,0,0,0,,,,,,,,,,,,,,,,,,,,,,,,,,,,,,,,,,,,,,,,,,,,,,,,,,
A.Muhammad,00-0033964,yes,NO,DE,1,0,0,0,0,,,,,,,,,,,,,,,,,,,,,,,,,,,,,,,,,,,,,,,,,,,,,,,,,,
M.Williams,00-0033894,yes,NO,DB,1,0,0,0,4,,,,,,,,,,,,,,,,,,,,,,,,,,,,,,,,,,,,,,,,,,,,,,,,,,
P.Williams,00-0032059,yes,NO,CB,1,0,0,0,0,,,,,,,,,,,,,,,,,,,,,,,,,,,,,,,,,,,,,,,,,,,,,,,,,,
C.Jordan,00-0027962,yes,NO,DE,0,0,0,0,1,,,,,,,,,,,,,,,,,,,,,,,,,,,,,,,,,,,,,,,,,,,,,,,,,,
M.Lattimore,00-0033874,yes,NO,CB,2,0,1,0,3,,,,,,,,,,,,,,,,,,,,,,,,,,,,,,,,,,,,,,,,,,,,,,,,,,
D.Onyemata,00-0033051,yes,NO,DT,0,0,0,0,2,,,,,,,,,,,,,,,,,,,,,,,,,,,,,,,,,,,,,,,,,,,,,,,,,,
B.Petty,00-0031568,no,NYJ,QB,,,,,,,,,,,,,,,,,,,,,,,,,39,19,2,1,1,0,179,,,,,,,,,,,,,,,,,,2,13,0,0,0,0,16
M.Forte,00-0026184,no,NYJ,,,,,,,,,,,,,,,,,,,,,,,,,,,,,,,,,,,,,,,,,,,6,0,2,0,0,0,10,7,11,0,0,0,0,24
J.Natson,00-0033266,no,NYJ,WR,,,,,,,,,,,,,,,,,,,,21,24,0,5,0,,,,,,,,,,,,,0,0,0,1,0,19,0,1,0,0,0,19,1,15,0,0,0,0,15
E.McGuire,00-0033295,no,NYJ,RB,,,,,,,,,,,,,,,,,,,,,,,,,,,,,,,,,,,,,,,,,,38,2,3,1,0,0,48,4,10,0,0,0,0,24
B.Powell,00-0028064,no,NYJ,RB,,,,,,,,,,,,,,,,,,,,,,,,,,,,,,,,,,,,,,,,,,,,,,,,,13,11,2,1,0,0,44
L.Thomas,00-0032740,no,NYJ,FB,,,,,,,,,,,,,,,,,,,,,,,,,,,,,,,,,,,,,,,,,,,,,,,,,1,1,0,0,0,0,1
A.Seferian-Jenkins,00-0031418,no,NYJ,TE,,,,,,,,,,,,,,,,,,,,,,,,,,,,,,,,,,,,,,,,,,9,0,2,0,0,0,13,,,,,,,
J.Kearse,00-0029159,no,NYJ,WR,,,,,,,,,,,,,,,,,,,,,,,,,,,,,,,,,,,,,,,,,,12,0,3,0,1,0,28,,,,,,,
C.Hansen,00-0033840,no,NYJ,WR,,,,,,,,,,,,,,,,,,,,,,,,,,,,,,,,,,,,,,,,,,24,0,3,0,0,0,21,,,,,,,
R.Anderson,00-0032688,no,NYJ,WR,,,,,,,,,,,,,,,,,,,,,,,,,,,,,,,,,,,,,,,,,,15,0,5,0,0,0,40,,,,,,,
J.Jenkins,00-0032970,no,NYJ,LB,2,0,0,0,1,0,0,0,1,0,,,,,,,,,,,,,,,,,,,,,,,,,,,,,,,,,,,,,,,,,,,,,
B.Skrine,00-0028075,no,NYJ,DB,0,1,0,0,5,0,0,0,1,8,,,,,,,,,,,,,,,,,,,,,,,,,,,,,,,,,,,,,,,,,,,,,
C.Catanzaro,00-0030896,no,NYJ,K,,,,,,,,,,,2,2,29,6,1,0,1,0,1,,,,,,,,,,,,,,,,,,,,,,,,,,,,,,,,,,,,
L.Edwards,00-0032449,no,NYJ,P,,,,,,,,,,,,,,,,,,,,,,,,,,,,,,,,40,2,58,7,316,,,,,,,,,,,,,,,,,,,
D.Davis,00-0029607,no,NYJ,LB,4,0,0,0,3,,,,,,,,,,,,,,,,,,,,,,,,,,,,,,,,,,,,,,,,,,,,,,,,,,
D.Bass,00-0030517,no,NYJ,LB,0,0,0,0,1,,,,,,,,,,,,,,,,,,,,,,,,,,,,,,,,,,,,,,,,,,,,,,,,,,
D.Lee,00-0033147,no,NYJ,LB,1,0,0,0,6,,,,,,,,,,,,,,,,,,,,,,,,,,,,,,,,,,,,,,,,,,,,,,,,,,
M.Pennel,00-0030757,no,NYJ,DT,0,0,0,0,1,,,,,,,,,,,,,,,,,,,,,,,,,,,,,,,,,,,,,,,,,,,,,,,,,,
J.Martin,00-0030160,no,NYJ,LB,0,0,0,0,2,,,,,,,,,,,,,,,,,,,,,,,,,,,,,,,,,,,,,,,,,,,,,,,,,,
S.McLendon,00-0026564,no,NYJ,DT,0,0,0,0,3,,,,,,,,,,,,,,,,,,,,,,,,,,,,,,,,,,,,,,,,,,,,,,,,,,
J.Burris,00-0032403,no,NYJ,CB,0,0,0,0,1,,,,,,,,,,,,,,,,,,,,,,,,,,,,,,,,,,,,,,,,,,,,,,,,,,
M.Maye,00-0033892,no,NYJ,DB,2,0,0,0,4,,,,,,,,,,,,,,,,,,,,,,,,,,,,,,,,,,,,,,,,,,,,,,,,,,
T.Brooks,00-0031338,no,NYJ,DB,1,0,0,0,0,,,,,,,,,,,,,,,,,,,,,,,,,,,,,,,,,,,,,,,,,,,,,,,,,,
Ja.Adams,00-0033872,no,NYJ,DB,2,1,0,0,6,,,,,,,,,,,,,,,,,,,,,,,,,,,,,,,,,,,,,,,,,,,,,,,,,,
L.Williams,00-0031933,no,NYJ,DT,2,0,1,0,3,,,,,,,,,,,,,,,,,,,,,,,,,,,,,,,,,,,,,,,,,,,,,,,,,,
X.Cooper,00-0032061,no,NYJ,DT,3,0,0,0,1,,,,,,,,,,,,,,,,,,,,,,,,,,,,,,,,,,,,,,,,,,,,,,,,,,
M.Claiborne,00-0029676,no,NYJ,DB,1,0,0,0,3,,,,,,,,,,,,,,,,,,,,,,,,,,,,,,,,,,,,,,,,,,,,,,,,,,
E.Manning,00-0022803,yes,NYG,QB,,,,,,,,,,,,,,,,,,,,,,,,,57,37,1,3,1,0,434,,,,,,,,,,,,,,,,,,,,,,,,
S.Vereen,00-0027994,yes,NYG,RB,,,,,,,,,,,,,,,,,,,,,,,,,,,,,,,,,,,,,,,,,,6,0,5,0,0,0,15,5,17,0,0,0,0,15
W.Gallman,00-0033950,yes,NYG,RB,,,,,,,,,,,,,,,,,,,,,,,,,,,,,,,,,,,,,,,,,,11,0,6,0,0,0,40,8,11,0,0,0,0,39
O.Darkwa,00-0030860,yes,NYG,,,,,,,,,,,,,,,,,,,,,,,,,,,,,,,,,,,,,,,,,,,9,0,1,0,0,0,9,9,5,1,1,0,0,7
E.Engram,00-0033881,yes,NYG,TE,,,,,,,,,,,,,,,,,,,,,,,,,,,,,,,,,,,,,,,,,,28,0,8,0,0,0,87,1,14,0,0,0,0,14
R.Lewis,00-0032659,yes,NYG,WR,,,,,,,,,,,,,,,,,,,,,,,,,,,,,,,,,,,,,,,,,,25,0,4,0,0,0,74,,,,,,,
T.King,00-0030091,yes,NYG,WR,,,,,,,,,,,,,,,,,,,,,,,,,,,,,,,,,,,,,,,,,,57,57,2,2,0,0,70,,,,,,,
S.Shepard,00-0032385,yes,NYG,WR,,,,,,,,,,,,,,,,,,,,,,,,,,,,,,,,,,,,,,,,,,67,67,11,1,0,0,139,,,,,,,
A.Rosas,00-0032870,yes,NYG,K,,,,,,,,,,,1,1,28,3,2,1,2,0,2,,,,,,,,,,,,,,,,,,,,,,,,,,,,,,,,,,,,
B.Wing,00-0030142,yes,NYG,,,,,,,,,,,,,,,,,,,,,,,,,,,,,,,,,25,0,40,2,74,,,,,,,,,,,,,,,,,,,
K.Raymond,00-0032464,yes,NYG,WR,,,,,,,,,,,,,,,,,,,,20,24,0,5,0,,,,,,,,,,,,,7,7,0,1,0,,,,,,,,,,,,,,
D.Tomlinson,00-0033546,yes,NYG,DT,0,0,0,0,3,,,,,,,,,,,,,,,,,,,,,,,,,,,,,,,,,,,,,,,,,,,,,,,,,,
D.Kennard,00-0031241,yes,NYG,LB,1,0,0,0,1,,,,,,,,,,,,,,,,,,,,,,,,,,,,,,,,,,,,,,,,,,,,,,,,,,
A.Moss,00-0033574,yes,NYG,LB,0,0,0,0,1,,,,,,,,,,,,,,,,,,,,,,,,,,,,,,,,,,,,,,,,,,,,,,,,,,
D.Harrison,00-0029040,yes,NYG,DT,0,0,0,0,2,,,,,,,,,,,,,,,,,,,,,,,,,,,,,,,,,,,,,,,,,,,,,,,,,,
D.Rodgers-Cromarti,00-0026156,yes,NYG,,0,0,0,0,2,,,,,,,,,,,,,,,,,,,,,,,,,,,,,,,,,,,,,,,,,,,,,,,,,,
R.Cockrell,00-0031016,yes,NYG,DB,0,0,0,0,4,,,,,,,,,,,,,,,,,,,,,,,,,,,,,,,,,,,,,,,,,,,,,,,,,,
C.Munson,00-0033716,yes,NYG,LB,0,0,0,0,1,,,,,,,,,,,,,,,,,,,,,,,,,,,,,,,,,,,,,,,,,,,,,,,,,,
L.Collins,00-0032262,yes,NYG,DB,1,0,0,0,0,,,,,,,,,,,,,,,,,,,,,,,,,,,,,,,,,,,,,,,,,,,,,,,,,,
R.Thomas,00-0031006,yes,NYG,NT,1,0,0,0,4,,,,,,,,,,,,,,,,,,,,,,,,,,,,,,,,,,,,,,,,,,,,,,,,,,
D.Thompson,00-0033083,yes,NYG,DB,3,0,0,0,6,,,,,,,,,,,,,,,,,,,,,,,,,,,,,,,,,,,,,,,,,,,,,,,,,,
O.Vernon,00-0029693,yes,NYG,LB,0,1,0,1,2,,,,,,,,,,,,,,,,,,,,,,,,,,,,,,,,,,,,,,,,,,,,,,,,,,
A.Adams,00-0032637,yes,NYG,DB,0,0,0,0,6,,,,,,,,,,,,,,,,,,,,,,,,,,,,,,,,,,,,,,,,,,,,,,,,,,
B.Goodson,00-0033121,yes,NYG,LB,4,0,0,0,3,,,,,,,,,,,,,,,,,,,,,,,,,,,,,,,,,,,,,,,,,,,,,,,,,,
J.Pierre-Paul,00-0027867,yes,NYG,DE,1,0,0,0,2,,,,,,,,,,,,,,,,,,,,,,,,,,,,,,,,,,,,,,,,,,,,,,,,,,
K.Sheppard,00-0028006,yes,NYG,,2,0,0,0,1,,,,,,,,,,,,,,,,,,,,,,,,,,,,,,,,,,,,,,,,,,,,,,,,,,
D.Morris,00-0029888,yes,NYG,,1,0,0,0,1,,,,,,,,,,,,,,,,,,,,,,,,,,,,,,,,,,,,,,,,,,,,,,,,,,
B.Dixon,00-0031328,yes,NYG,,0,0,0,0,1,,,,,,,,,,,,,,,,,,,,,,,,,,,,,,,,,,,,,,,,,,,,,,,,,,
E.Apple,00-0032379,yes,NYG,CB,2,0,0,0,7,,,,,,,,,,,,,,,,,,,,,,,,,,,,,,,,,,,,,,,,,,,,,,,,,,
N.Foles,00-0029567,no,PHI,QB,,,,,,0,0,1,0,0,,,,,,,,,,,,,,,38,24,0,4,0,0,237,,,,,,,,,,,,,,,,,,2,1,0,0,0,0,0
C.Clement,00-0033725,no,PHI,RB,,,,,,,,,,,,,,,,,,,,14,14,0,1,0,,,,,,,,,,,,,,,,,,1,0,1,0,0,0,1,4,10,0,0,0,0,17
K.Barner,00-0030465,no,PHI,RB,,,,,,0,1,0,1,0,,,,,,,,,,18,27,0,3,0,,,,,,,,,,,,,,,,,,,,,,,,,2,18,0,0,0,0,21
L.Blount,00-0027325,no,PHI,RB,,,,,,,,,,,,,,,,,,,,,,,,,,,,,,,,,,,,,,,,,,,,,,,,,7,7,0,0,0,0,21
J.Ajayi,00-0031590,no,PHI,RB,,,,,,,,,,,,,,,,,,,,,,,,,,,,,,,,,,,,,,,,,,32,0,2,0,0,0,40,12,22,0,0,0,0,49
T.Burton,00-0030710,no,PHI,TE,,,,,,,,,,,,,,,,,,,,,,,,,,,,,,,,,,,,,,,,,,13,13,2,1,0,0,15,,,,,,,
A.Jeffery,00-0029137,no,PHI,WR,,,,,,,,,,,,,,,,,,,,,,,,,,,,,,,,,,,,,,,,,,19,3,4,1,0,0,49,,,,,,,
N.Agholor,00-0031549,no,PHI,WR,,,,,,,,,,,,,,,,,,,,,,,,,,,,,,,,,,,,,,,,,,16,10,7,1,0,0,59,,,,,,,
T.Smith,00-0027996,no,PHI,WR,,,,,,,,,,,,,,,,,,,,,,,,,,,,,,,,,,,,,,,,,,10,0,2,0,0,0,17,,,,,,,
Z.Ertz,00-0030061,no,PHI,TE,,,,,,,,,,,,,,,,,,,,,,,,,,,,,,,,,,,,,,,,,,17,10,6,1,0,0,56,,,,,,,
J.Elliott,00-0033787,no,PHI,K,,,,,,,,,,,2,2,28,6,4,0,4,0,4,,,,,,,,,,,,,,,,,,,,,,,,,,,,,,,,,,,,
D.Jones,00-0022684,no,PHI,,,,,,,,,,,,,,,,,,,,,,,,,,,,,,,,,40,1,49,4,187,,,,,,,,,,,,,,,,,,,
D.Vaeao,00-0032859,no,PHI,DT,1,0,0,0,0,,,,,,,,,,,,,,,,,,,,,,,,,,,,,,,,,,,,,,,,,,,,,,,,,,
J.Mills,00-0032803,no,PHI,DB,1,0,0,0,3,,,,,,,,,,,,,,,,,,,,,,,,,,,,,,,,,,,,,,,,,,,,,,,,,,
V.Curry,00-0029412,no,PHI,DE,2,0,0,0,1,,,,,,,,,,,,,,,,,,,,,,,,,,,,,,,,,,,,,,,,,,,,,,,,,,
F.Cox,00-0029653,no,PHI,DE,1,0,0,0,1,,,,,,,,,,,,,,,,,,,,,,,,,,,,,,,,,,,,,,,,,,,,,,,,,,
C.Graham,00-0025555,no,PHI,DB,1,0,0,0,7,,,,,,,,,,,,,,,,,,,,,,,,,,,,,,,,,,,,,,,,,,,,,,,,,,
B.Allen,00-0031089,no,PHI,DT,0,0,0,0,1,,,,,,,,,,,,,,,,,,,,,,,,,,,,,,,,,,,,,,,,,,,,,,,,,,
T.Jernigan,00-0031170,no,PHI,DT,0,0,0,0,1,,,,,,,,,,,,,,,,,,,,,,,,,,,,,,,,,,,,,,,,,,,,,,,,,,
K.Grugier-Hill,00-0032437,no,PHI,LB,0,0,0,0,1,,,,,,,,,,,,,,,,,,,,,,,,,,,,,,,,,,,,,,,,,,,,,,,,,,
M.Jenkins,00-0026990,no,PHI,DB,4,0,0,0,3,,,,,,,,,,,,,,,,,,,,,,,,,,,,,,,,,,,,,,,,,,,,,,,,,,
R.McLeod,00-0028899,no,PHI,DB,4,0,0,0,7,,,,,,,,,,,,,,,,,,,,,,,,,,,,,,,,,,,,,,,,,,,,,,,,,,
N.Goode,00-0029418,no,PHI,LB,1,0,0,0,0,,,,,,,,,,,,,,,,,,,,,,,,,,,,,,,,,,,,,,,,,,,,,,,,,,
N.Bradham,00-0029272,no,PHI,LB,3,0,0,0,8,,,,,,,,,,,,,,,,,,,,,,,,,,,,,,,,,,,,,,,,,,,,,,,,,,
P.Robinson,00-0027882,no,PHI,DB,0,0,0,0,4,,,,,,,,,,,,,,,,,,,,,,,,,,,,,,,,,,,,,,,,,,,,,,,,,,
D.Barnett,00-0033876,no,PHI,DE,0,0,0,0,2,,,,,,,,,,,,,,,,,,,,,,,,,,,,,,,,,,,,,,,,,,,,,,,,,,
M.Kendricks,00-0029409,no,PHI,LB,1,0,0,0,8,,,,,,,,,,,,,,,,,,,,,,,,,,,,,,,,,,,,,,,,,,,,,,,,,,
B.Graham,00-0027865,no,PHI,DE,1,0,0,1,3,,,,,,,,,,,,,,,,,,,,,,,,,,,,,,,,,,,,,,,,,,,,,,,,,,
R.Darby,00-0032195,no,PHI,CB,0,0,1,0,5,,,,,,,,,,,,,,,,,,,,,,,,,,,,,,,,,,,,,,,,,,,,,,,,,,
K.Cousins,00-0029604,yes,WAS,QB,,,,,,,,,,,,,,,,,,,,,,,,,26,18,0,2,0,0,196,,,,,,,,,,,,,,,,,,2,1,0,0,0,0,0
L.Daniels,00-0033384,yes,WAS,RB,,,,,,,,,,,,,,,,,,,,,,,,,,,,,,,,,,,,,,,,,,,,,,,,,1,2,0,0,0,0,2
J.Doctson,00-0032760,yes,WAS,WR,,,,,,,,,,,,,,,,,,,,,,,,,,,,,,,,,,,,,,,,,,14,0,2,0,0,0,16,1,-14,0,0,0,0,-14
S.Perine,00-0033526,yes,WAS,RB,,,,,,,,,,,,,,,,,,,,,,,,,,,,,,,,,,,,,,,,,,23,0,2,0,0,0,29,14,6,0,0,0,0,37
K.Bibbs,00-0031102,yes,WAS,RB,,,,,,,,,,,,,,,,,,,,,,,,,,,,,,,,,,,,,,,,,,36,36,4,1,0,0,47,2,6,0,0,0,0,6
V.Davis,00-0024221,yes,WAS,TE,,,,,,1,0,1,0,0,,,,,,,,,,,,,,,,,,,,,,,,,,,,,,,,11,0,2,0,0,0,18,,,,,,,
R.Grant,00-0031068,yes,WAS,WR,,,,,,,,,,,,,,,,,,,,,,,,,,,,,,,,,,,,,,,,,,15,0,2,0,0,0,20,,,,,,,
J.Crowder,00-0031941,yes,WAS,WR,,,,,,,,,,,,,,,,,,,,,,,,,,,,,,,,,,,,,9,9,0,2,0,24,5,5,1,0,0,55,,,,,,,
N.Paul,00-0028093,yes,WAS,TE,,,,,,,,,,,,,,,,,,,,,,,,,,,,,,,,,,,,,,,,,,11,0,1,0,0,0,11,,,,,,,
P.Smith,00-0031935,yes,WAS,LB,0,0,1,1,3,0,0,0,1,12,,,,,,,,,,,,,,,,,,,,,,,,,,,,,,,,,,,,,,,,,,,,,
D.Hopkins,00-0030098,yes,WAS,K,,,,,,,,,,,2,2,32,6,2,0,2,0,2,,,,,,,,,,,,,,,,,,,,,,,,,,,,,,,,,,,,
T.Way,00-0030140,yes,WAS,P,,,,,,,,,,,,,,,,,,,,,,,,,,,,,,,,43,2,56,6,319,,,,,,,,,,,,,,,,,,,
B.Breeland,00-0031052,yes,WAS,,1,0,0,0,3,,,,,,,,,,,,,,,20,30,0,3,0,,,,,,,,,,,,,,,,,,,,,,,,,,,,,,,
M.Harris,00-0032362,yes,WAS,WR,,,,,,,,,,,,,,,,,,,,34,34,0,1,0,,,,,,,,,,,,,,,,,,,,,,,,,,,,,,,
S.McGee,00-0030515,yes,WAS,DT,2,0,0,0,2,,,,,,,,,,,,,,,,,,,,,,,,,,,,,,,,,,,,,,,,,,,,,,,,,,
E.Hood,00-0027008,yes,WAS,DT,4,0,0,0,0,,,,,,,,,,,,,,,,,,,,,,,,,,,,,,,,,,,,,,,,,,,,,,,,,,
A.Lanier,00-0032369,yes,WAS,DE,0,1,0,2,2,,,,,,,,,,,,,,,,,,,,,,,,,,,,,,,,,,,,,,,,,,,,,,,,,,
K.Fuller,00-0033084,yes,WAS,CB,2,0,0,0,6,,,,,,,,,,,,,,,,,,,,,,,,,,,,,,,,,,,,,,,,,,,,,,,,,,
Z.Vigil,00-0031728,yes,WAS,LB,2,0,0,0,6,,,,,,,,,,,,,,,,,,,,,,,,,,,,,,,,,,,,,,,,,,,,,,,,,,
M.Spaight,00-0031945,yes,WAS,LB,2,0,0,0,5,,,,,,,,,,,,,,,,,,,,,,,,,,,,,,,,,,,,,,,,,,,,,,,,,,
M.Ioannidis,00-0032781,yes,WAS,DT,1,0,0,0,1,,,,,,,,,,,,,,,,,,,,,,,,,,,,,,,,,,,,,,,,,,,,,,,,,,
J.Harvey-Clemons,00-0033532,yes,WAS,LB,0,0,0,0,2,,,,,,,,,,,,,,,,,,,,,,,,,,,,,,,,,,,,,,,,,,,,,,,,,,
R.Kerrigan,00-0027954,yes,WAS,LB,0,0,0,0,2,,,,,,,,,,,,,,,,,,,,,,,,,,,,,,,,,,,,,,,,,,,,,,,,,,
J.Galette,00-0027551,yes,WAS,,0,0,0,1,1,,,,,,,,,,,,,,,,,,,,,,,,,,,,,,,,,,,,,,,,,,,,,,,,,,
A.Francis,00-0029972,yes,WAS,DT,3,0,0,0,0,,,,,,,,,,,,,,,,,,,,,,,,,,,,,,,,,,,,,,,,,,,,,,,,,,
R.Anderson,00-0033525,yes,WAS,LB,0,0,0,0,3,,,,,,,,,,,,,,,,,,,,,,,,,,,,,,,,,,,,,,,,,,,,,,,,,,
D.Swearinger,00-0030566,yes,WAS,DB,1,0,0,0,3,,,,,,,,,,,,,,,,,,,,,,,,,,,,,,,,,,,,,,,,,,,,,,,,,,
D.Everett,00-0031844,yes,WAS,DB,1,0,0,0,3,,,,,,,,,,,,,,,,,,,,,,,,,,,,,,,,,,,,,,,,,,,,,,,,,,
J.Norman,00-0029285,yes,WAS,DB,3,0,0,0,3,,,,,,,,,,,,,,,,,,,,,,,,,,,,,,,,,,,,,,,,,,,,,,,,,,
B.Gabbert,00-0027948,no,ARI,QB,,,,,,1,1,3,1,0,,,,,,,,,,,,,,,41,16,1,0,0,0,189,,,,,,,,,,,,,,,,,,6,10,0,0,0,0,28
J.Nelson,00-0032112,no,ARI,WR,,,,,,,,,,,,,,,,,,,,,,,,,,,,,,,,,,,,,,,,,,46,0,1,0,0,0,46,1,7,0,0,0,0,7
E.Penny,00-0032813,no,ARI,RB,,,,,,0,1,0,1,0,,,,,,,,,,,,,,,,,,,,,,,,,,,,,,,,,,,,,,,10,14,0,0,0,0,45
K.Williams,00-0030117,no,ARI,RB,,,,,,,,,,,,,,,,,,,,,,,,,,,,,,,,,,,,,,,,,,,,,,,,,17,12,0,0,0,0,61
R.Seals-Jones,00-0033611,no,ARI,TE,,,,,,,,,,,,,,,,,,,,,,,,,,,,,,,,,,,,,,,,,,7,0,2,0,0,0,11,,,,,,,
D.Foster,00-0032577,no,ARI,RB,,,,,,,,,,,,,,,,,,,,6,6,0,1,0,,,,,,,,,,,,,,,,,,8,0,4,0,0,0,22,,,,,,,
Ja.Brown,00-0030300,no,ARI,WR,,,,,,,,,,,,,,,,,,,,,,,,,,,,,,,,,,,,,,,,,,9,0,1,0,0,0,9,,,,,,,
T.Niklas,00-0031044,no,ARI,,,,,,,,,,,,,,,,,,,,,,,,,,,,,,,,,,,,,,,,,,,21,0,3,0,0,0,41,,,,,,,
L.Fitzgerald,00-0022921,no,ARI,WR,,,,,,,,,,,,,,,,,,,,,,,,,,,,,,,,,,,,,,,,,,25,0,5,0,0,0,60,,,,,,,
T.Williams,00-0024061,no,ARI,DB,1,0,0,0,1,0,0,0,1,18,,,,,,,,,,,,,,,,,,,,,,,,,,,,,,,,,,,,,,,,,,,,,
P.Dawson,00-0004091,no,ARI,K,,,,,,,,,,,5,5,40,15,0,0,0,0,0,,,,,,,,,,,,,,,,,,,,,,,,,,,,,,,,,,,,
A.Lee,00-0022824,no,ARI,P,,,,,,,,,,,,,,,,,,,,,,,,,,,,,,,,47,2,62,5,251,,,,,,,,,,,,,,,,,,,
B.Golden,00-0029336,no,ARI,,,,,,,,,,,,,,,,,,,,,22,22,0,1,0,,,,,,,,,,,,,8,15,0,5,0,,,,,,,,,,,,,,
C.Jones,00-0029585,no,ARI,DE,0,0,0,1,2,,,,,,,,,,,,,,,,,,,,,,,,,,,,,,,,,,,,,,,,,,,,,,,,,,
S.Wright,00-0032979,no,ARI,LB,0,0,0,0,1,,,,,,,,,,,,,,,,,,,,,,,,,,,,,,,,,,,,,,,,,,,,,,,,,,
C.Peters,00-0027686,no,ARI,DT,2,0,0,0,2,,,,,,,,,,,,,,,,,,,,,,,,,,,,,,,,,,,,,,,,,,,,,,,,,,
A.Bethea,00-0024421,no,ARI,DB,0,1,0,0,3,,,,,,,,,,,,,,,,,,,,,,,,,,,,,,,,,,,,,,,,,,,,,,,,,,
R.Gunter,00-0032131,no,ARI,DT,1,0,0,0,0,,,,,,,,,,,,,,,,,,,,,,,,,,,,,,,,,,,,,,,,,,,,,,,,,,
J.Bynes,00-0028278,no,ARI,LB,2,0,0,0,0,,,,,,,,,,,,,,,,,,,,,,,,,,,,,,,,,,,,,,,,,,,,,,,,,,
D.Bucannon,00-0031366,no,ARI,LB,3,0,0,0,5,,,,,,,,,,,,,,,,,,,,,,,,,,,,,,,,,,,,,,,,,,,,,,,,,,
R.Nkemdiche,00-0032761,no,ARI,DT,1,0,0,0,0,,,,,,,,,,,,,,,,,,,,,,,,,,,,,,,,,,,,,,,,,,,,,,,,,,
B.Baker,00-0033890,no,ARI,DB,1,0,0,0,1,,,,,,,,,,,,,,,,,,,,,,,,,,,,,,,,,,,,,,,,,,,,,,,,,,
K.Martin,00-0031050,no,ARI,LB,1,0,0,0,4,,,,,,,,,,,,,,,,,,,,,,,,,,,,,,,,,,,,,,,,,,,,,,,,,,
P.Peterson,00-0027943,no,ARI,DB,1,0,0,0,3,,,,,,,,,,,,,,,,,,,,,,,,,,,,,,,,,,,,,,,,,,,,,,,,,,
F.Rucker,00-0024306,no,ARI,DT,2,0,0,0,0,,,,,,,,,,,,,,,,,,,,,,,,,,,,,,,,,,,,,,,,,,,,,,,,,,
O.Pierre,00-0031914,no,ARI,DT,1,0,0,0,1,,,,,,,,,,,,,,,,,,,,,,,,,,,,,,,,,,,,,,,,,,,,,,,,,,
T.Mathieu,00-0030459,no,ARI,DB,0,0,0,0,4,,,,,,,,,,,,,,,,,,,,,,,,,,,,,,,,,,,,,,,,,,,,,,,,,,
K.Dansby,00-0022927,no,ARI,,0,0,0,0,2,,,,,,,,,,,,,,,,,,,,,,,,,,,,,,,,,,,,,,,,,,,,,,,,,,
H.Reddick,00-0033875,no,ARI,LB,1,0,0,0,0,,,,,,,,,,,,,,,,,,,,,,,,,,,,,,,,,,,,,,,,,,,,,,,,,,
R.Wilson,00-0029263,yes,SEA,QB,,,,,,1,0,2,0,0,,,,,,,,,,,,,,,30,14,0,1,0,0,142,,,,,,,,,,,,,,,,,,5,15,0,0,0,0,39
M.Davis,00-0032063,yes,SEA,RB,,,,,,,,,,,,,,,,,,,,,,,,,,,,,,,,,,,,,,,,,,11,0,2,0,0,0,20,6,11,0,0,0,0,19
J.McKissic,00-0032602,yes,SEA,RB,,,,,,,,,,,,,,,,,,,,,,,,,,,,,,,,,,,,,,,,,,26,0,3,0,0,0,38,6,5,0,0,0,0,20
T.McEvoy,00-0032475,yes,SEA,WR,,,,,,1,0,1,0,0,,,,,,,,,,,,,,,,,,,,,,,,,,,,,,,,19,0,1,0,0,0,19,,,,,,,
D.Baldwin,00-0028434,yes,SEA,WR,,,,,,,,,,,,,,,,,,,,,,,,,,,,,,,,,,,,,,,,,,6,0,1,0,0,0,6,,,,,,,
L.Willson,00-0030089,yes,SEA,TE,,,,,,,,,,,,,,,,,,,,,,,,,,,,,,,,,,,,,,,,,,26,26,1,1,0,0,26,,,,,,,
A.Darboh,00-0033937,yes,SEA,WR,,,,,,,,,,,,,,,,,,,,,,,,,,,,,,,,,,,,,,,,,,8,0,1,0,0,0,8,,,,,,,
P.Richardson,00-0031257,yes,SEA,WR,,,,,,,,,,,,,,,,,,,,,,,,,,,,,,,,,,,,,,,,,,11,0,2,0,0,0,18,,,,,,,
T.Lockett,00-0032211,yes,SEA,WR,,,,,,,,,,,,,,,,,,,,19,32,0,6,0,,,,,,,,,,,,,9,18,0,2,0,4,0,2,0,0,0,8,,,,,,,
J.Graham,00-0027696,yes,SEA,TE,,,,,,,,,,,,,,,,,,,,,,,,,,,,,,,,,,,,,,,,,,-1,0,1,0,0,0,-1,,,,,,,
B.Walsh,00-0029576,yes,SEA,,,,,,,,,,,,0,0,0,0,1,0,1,0,1,,,,,,,,,,,,,,,,,,,,,,,,,,,,,,,,,,,,
J.Ryan,00-0023742,yes,SEA,,,,,,,,,,,,,,,,,,,,,,,,,,,,,,,,,31,0,61,9,427,,,,,,,,,,,,,,,,,,,
M.Smith,00-0031371,yes,SEA,,1,0,0,0,0,,,,,,,,,,,,,,,,,,,,,,,,,,,,,,,,,,,,,,,,,,,,,,,,,,
B.Maxwell,00-0028111,yes,SEA,DB,1,0,0,0,3,,,,,,,,,,,,,,,,,,,,,,,,,,,,,,,,,,,,,,,,,,,,,,,,,,
Q.Jefferson,00-0032416,yes,SEA,DT,0,0,0,0,2,,,,,,,,,,,,,,,,,,,,,,,,,,,,,,,,,,,,,,,,,,,,,,,,,,
B.McDougald,00-0030161,yes,SEA,DB,2,0,0,0,7,,,,,,,,,,,,,,,,,,,,,,,,,,,,,,,,,,,,,,,,,,,,,,,,,,
J.Reed,00-0032387,yes,SEA,DT,4,0,0,0,1,,,,,,,,,,,,,,,,,,,,,,,,,,,,,,,,,,,,,,,,,,,,,,,,,,
S.Griffin,00-0033926,yes,SEA,CB,1,0,0,0,4,,,,,,,,,,,,,,,,,,,,,,,,,,,,,,,,,,,,,,,,,,,,,,,,,,
M.Wilhoite,00-0028836,yes,SEA,,2,0,1,0,2,,,,,,,,,,,,,,,,,,,,,,,,,,,,,,,,,,,,,,,,,,,,,,,,,,
D.Jordan,00-0030555,yes,SEA,DE,5,0,0,1,2,,,,,,,,,,,,,,,,,,,,,,,,,,,,,,,,,,,,,,,,,,,,,,,,,,
E.Thomas,00-0027866,yes,SEA,,4,0,0,0,4,,,,,,,,,,,,,,,,,,,,,,,,,,,,,,,,,,,,,,,,,,,,,,,,,,
F.Clark,00-0032210,yes,SEA,DE,0,1,0,1,1,,,,,,,,,,,,,,,,,,,,,,,,,,,,,,,,,,,,,,,,,,,,,,,,,,
B.Wagner,00-0029255,yes,SEA,LB,4,0,0,0,3,,,,,,,,,,,,,,,,,,,,,,,,,,,,,,,,,,,,,,,,,,,,,,,,,,
B.Jackson,00-0033024,yes,SEA,DE,0,0,0,0,2,,,,,,,,,,,,,,,,,,,,,,,,,,,,,,,,,,,,,,,,,,,,,,,,,,
M.Bennett,00-0026618,yes,SEA,DE,1,0,0,0,0,,,,,,,,,,,,,,,,,,,,,,,,,,,,,,,,,,,,,,,,,,,,,,,,,,
T.Garvin,00-0030033,yes,SEA,LB,3,0,0,0,6,,,,,,,,,,,,,,,,,,,,,,,,,,,,,,,,,,,,,,,,,,,,,,,,,,
S.Richardson,00-0030573,yes,SEA,DT,1,0,0,0,1,,,,,,,,,,,,,,,,,,,,,,,,,,,,,,,,,,,,,,,,,,,,,,,,,,
J.Lane,00-0029295,yes,SEA,,4,0,0,0,1,,,,,,,,,,,,,,,,,,,,,,,,,,,,,,,,,,,,,,,,,,,,,,,,,,
J.Coleman,00-0031796,yes,SEA,CB,1,0,0,0,0,,,,,,,,,,,,,,,,,,,,,,,,,,,,,,,,,,,,,,,,,,,,,,,,,,
J.Goff,00-0033106,no,LA,QB,,,,,,0,0,1,0,0,,,,,,,,,,,,,,,21,14,1,2,0,0,120,,,,,,,,,,,,,,,,,,,,,,,,
S.Mannion,00-0032245,no,LA,QB,,,,,,0,0,1,0,0,,,,,,,,,,,,,,,2,1,0,0,0,0,4,,,,,,,,,,,,,,,,,,2,3,0,0,0,0,3
M.Brown,00-0031806,no,LA,RB,,,,,,,,,,,,,,,,,,,,,,,,,,,,,,,,,,,,,,,,,,,,,,,,,10,14,0,0,0,0,45
T.Austin,00-0030525,no,LA,RB,,,,,,0,1,0,1,0,,,,,,,,,,,,,,,,,,,,,,,,,,,,,,,,,,,,,,,10,18,0,0,0,0,44
T.Gurley,00-0032241,no,LA,RB,,,,,,,,,,,,,,,,,,,,,,,,,,,,,,,,,,,,,,,,,,14,14,3,1,0,0,28,21,57,57,3,0,0,152
D.Carrier,00-0029119,no,LA,TE,,,,,,,,,,,,,,,,,,,,,,,,,,,,,,,,,,,,,,,,,,4,0,1,0,0,0,4,,,,,,,
S.Watkins,00-0031325,no,LA,WR,,,,,,,,,,,,,,,,,,,,,,,,,,,,,,,,,,,,,,,,,,7,0,2,0,0,0,14,,,,,,,
R.Woods,00-0030431,no,LA,WR,,,,,,,,,,,,,,,,,,,,,,,,,,,,,,,,,,,,,,,,,,14,1,6,1,0,0,45,,,,,,,
T.Higbee,00-0033110,no,LA,TE,,,,,,,,,,,,,,,,,,,,,,,,,,,,,,,,,,,,,,,,,,12,0,1,0,0,0,12,,,,,,,
C.Kupp,00-0033908,no,LA,WR,,,,,,,,,,,,,,,,,,,,,,,,,,,,,,,,,,,,,,,,,,15,0,2,0,0,0,21,,,,,,,
A.Ogletree,00-0030527,no,LA,LB,3,0,0,0,1,0,0,0,1,0,,,,,,,,,,,,,,,,,,,,,,,,,,,,,,,,,,,,,,,,,,,,,
R.Havenstein,00-0032242,no,LA,OT,,,,,,0,1,0,1,0,,,,,,,,,,,,,,,,,,,,,,,,,,,,,,,,,,,,,,,,,,,,,
M.Fox,00-0032671,no,LA,DE,2,0,0,0,0,0,0,0,1,0,,,,,,,,,,,,,,,,,,,,,,,,,,,,,,,,,,,,,,,,,,,,,
G.Zuerlein,00-0029621,no,LA,K,,,,,,,,,,,2,2,36,6,5,0,4,1,4,,,,,,,,,,,,,,,,,,,,,,,,,,,,,,,,,,,,
J.Hekker,00-0028872,no,LA,P,,,,,,,,,,,,,,,,,,,,,,,,,,,,,,,,39,2,49,5,213,,,,,,,,,,,,,,,,,,,
P.Cooper,00-0033111,no,LA,WR,,,,,,,,,,,,,,,,,,,,26,30,0,2,0,,,,,,,,,,,,,18,53,0,7,0,,,,,,,,,,,,,,
A.Donald,00-0031388,no,LA,,1,1,0,3,4,,,,,,,,,,,,,,,,,,,,,,,,,,,,,,,,,,,,,,,,,,,,,,,,,,
L.Joyner,00-0031389,no,LA,DB,1,1,0,0,2,,,,,,,,,,,,,,,,,,,,,,,,,,,,,,,,,,,,,,,,,,,,,,,,,,
K.Peterson,00-0032848,no,LA,CB,0,0,0,0,2,,,,,,,,,,,,,,,,,,,,,,,,,,,,,,,,,,,,,,,,,,,,,,,,,,
T.Walker,00-0029208,no,LA,DT,1,0,0,0,0,,,,,,,,,,,,,,,,,,,,,,,,,,,,,,,,,,,,,,,,,,,,,,,,,,
N.Robey,00-0030041,no,LA,DB,2,0,0,0,2,,,,,,,,,,,,,,,,,,,,,,,,,,,,,,,,,,,,,,,,,,,,,,,,,,
T.Johnson,00-0029690,no,LA,DB,1,0,0,0,1,,,,,,,,,,,,,,,,,,,,,,,,,,,,,,,,,,,,,,,,,,,,,,,,,,
C.Barwin,00-0027022,no,LA,LB,1,0,0,1,4,,,,,,,,,,,,,,,,,,,,,,,,,,,,,,,,,,,,,,,,,,,,,,,,,,
J.Johnson,00-0033927,no,LA,SAF,3,0,0,0,2,,,,,,,,,,,,,,,,,,,,,,,,,,,,,,,,,,,,,,,,,,,,,,,,,,
M.Longacre,00-0031814,no,LA,LB,1,0,0,0.5,0,,,,,,,,,,,,,,,,,,,,,,,,,,,,,,,,,,,,,,,,,,,,,,,,,,
R.Quinn,00-0027952,no,LA,DE,0,1,0,2,2,,,,,,,,,,,,,,,,,,,,,,,,,,,,,,,,,,,,,,,,,,,,,,,,,,
M.Christian,00-0032786,no,LA,DB,0,0,0,0,1,,,,,,,,,,,,,,,,,,,,,,,,,,,,,,,,,,,,,,,,,,,,,,,,,,
E.Westbrooks,00-0030986,no,LA,DT,0,0,0,0,1,,,,,,,,,,,,,,,,,,,,,,,,,,,,,,,,,,,,,,,,,,,,,,,,,,
T.Smart,00-0033963,no,LA,DT,0,0,0,0,1,,,,,,,,,,,,,,,,,,,,,,,,,,,,,,,,,,,,,,,,,,,,,,,,,,
C.Littleton,00-0032677,no,LA,LB,2,0,0,0,2,,,,,,,,,,,,,,,,,,,,,,,,,,,,,,,,,,,,,,,,,,,,,,,,,,
M.Brockers,00-0029630,no,LA,DT,1,0,0,0.5,0,,,,,,,,,,,,,,,,,,,,,,,,,,,,,,,,,,,,,,,,,,,,,,,,,,
B.Hager,00-0032248,no,LA,LB,1,0,0,0,0,,,,,,,,,,,,,,,,,,,,,,,,,,,,,,,,,,,,,,,,,,,,,,,,,,
T.Hill,00-0031785,no,LA,CB,0,0,0,0,1,,,,,,,,,,,,,,,,,,,,,,,,,,,,,,,,,,,,,,,,,,,,,,,,,,
B.Roethlisberger,00-0022924,yes,PIT,QB,,,,,,0,1,1,1,-2,,,,,,,,,,,,,,,30,22,1,2,0,0,282,,,,,,,,,,,,,,,,,,3,5,0,0,0,0,10
F.Toussaint,00-0031332,yes,PIT,RB,,,,,,,,,,,,,,,,,,,,12,15,0,3,0,,,,,,,,,,,,,,,,,,,,,,,,,1,3,0,0,0,0,3
J.Conner,00-0033553,yes,PIT,RB,,,,,,,,,,,,,,,,,,,,,,,,,,,,,,,,,,,,,,,,,,,,,,,,,3,10,0,0,0,0,13
L.Bell,00-0030496,yes,PIT,RB,,,,,,,,,,,,,,,,,,,,,,,,,,,,,,,,,,,,,,,,,,17,0,5,0,0,0,48,24,18,3,1,0,0,117
M.Bryant,00-0031373,yes,PIT,WR,,,,,,,,,,,,,,,,,,,,,,,,,,,,,,,,,,,,,,,,,,39,4,4,1,0,0,59,,,,,,,
J.James,00-0032135,yes,PIT,TE,,,,,,,,,,,,,,,,,,,,,,,,,,,,,,,,,,,,,,,,,,6,0,2,0,0,0,7,,,,,,,
X.Grimble,00-0031035,yes,PIT,TE,,,,,,,,,,,,,,,,,,,,,,,,,,,,,,,,,,,,,,,,,,8,0,1,0,0,0,8,,,,,,,
D.Heyward-Bey,00-0026983,yes,PIT,WR,,,,,,,,,,,,,,,,,,,,,,,,,,,,,,,,,,,,,,,,,,4,0,1,0,0,0,4,,,,,,,
E.Rogers,00-0031782,yes,PIT,WR,,,,,,,,,,,,,,,,,,,,,,,,,,,,,,,,,,,,,2,2,0,1,0,18,18,1,1,0,0,18,,,,,,,
J.Smith-Schuster,00-0033857,yes,PIT,WR,,,,,,,,,,,,,,,,,,,,24,27,0,2,0,,,,,,,,,,,,,,,,,,69,0,6,0,0,0,114,,,,,,,
A.Brown,00-0027793,yes,PIT,WR,,,,,,,,,,,,,,,,,,,,,,,,,,,,,,,,,,,,,,,,,,19,0,2,0,0,0,24,,,,,,,
C.Boswell,00-0031136,yes,PIT,K,,,,,,,,,,,1,1,51,3,3,0,3,0,3,,,,,,,,,,,,,,,,,,,,,,,,,,,,,,,,,,,,
J.Berry,00-0031502,yes,PIT,P,,,,,,,,,,,,,,,,,,,,,,,,,,,,,,,,40,1,60,4,171,,,,,,,,,,,,,,,,,,,
S.Spence,00-0029594,yes,PIT,,1,0,0,0,3,,,,,,,,,,,,,,,,,,,,,,,,,,,,,,,,,,,,,,,,,,,,,,,,,,
B.Dupree,00-0032146,yes,PIT,LB,0,0,0,1,2,,,,,,,,,,,,,,,,,,,,,,,,,,,,,,,,,,,,,,,,,,,,,,,,,,
S.Davis,00-0033053,yes,PIT,SAF,3,0,0,0,7,,,,,,,,,,,,,,,,,,,,,,,,,,,,,,,,,,,,,,,,,,,,,,,,,,
W.Gay,00-0025557,yes,PIT,DB,0,0,0,0,1,,,,,,,,,,,,,,,,,,,,,,,,,,,,,,,,,,,,,,,,,,,,,,,,,,
M.Mitchell,00-0027023,yes,PIT,,2,0,0,0,3,,,,,,,,,,,,,,,,,,,,,,,,,,,,,,,,,,,,,,,,,,,,,,,,,,
T.Watt,00-0033886,yes,PIT,LB,0,0,0,0,2,,,,,,,,,,,,,,,,,,,,,,,,,,,,,,,,,,,,,,,,,,,,,,,,,,
T.Alualu,00-0027862,yes,PIT,DE,0,0,0,0,2,,,,,,,,,,,,,,,,,,,,,,,,,,,,,,,,,,,,,,,,,,,,,,,,,,
C.Heyward,00-0027969,yes,PIT,DT,0,0,0,1,1,,,,,,,,,,,,,,,,,,,,,,,,,,,,,,,,,,,,,,,,,,,,,,,,,,
J.Hargrave,00-0033109,yes,PIT,DT,0,0,0,0,1,,,,,,,,,,,,,,,,,,,,,,,,,,,,,,,,,,,,,,,,,,,,,,,,,,
C.Sutton,00-0033930,yes,PIT,CB,1,0,0,0,2,,,,,,,,,,,,,,,,,,,,,,,,,,,,,,,,,,,,,,,,,,,,,,,,,,
L.Walton,00-0031607,yes,PIT,DE,0,0,0,0,1,,,,,,,,,,,,,,,,,,,,,,,,,,,,,,,,,,,,,,,,,,,,,,,,,,
A.Burns,00-0033103,yes,PIT,CB,2,0,0,0,5,,,,,,,,,,,,,,,,,,,,,,,,,,,,,,,,,,,,,,,,,,,,,,,,,,
M.Hilton,00-0032521,yes,PIT,CB,0,0,0,0,4,,,,,,,,,,,,,,,,,,,,,,,,,,,,,,,,,,,,,,,,,,,,,,,,,,
V.Williams,00-0030434,yes,PIT,LB,0,0,1,0,3,,,,,,,,,,,,,,,,,,,,,,,,,,,,,,,,,,,,,,,,,,,,,,,,,,
T.Brady,00-0019596,no,NE,QB,,,,,,,,,,,,,,,,,,,,,,,,,35,22,1,1,1,1,298,,,,,,,,,,,,,,,,,,2,-1,0,0,0,0,-2
D.Lewis,00-0028087,no,NE,RB,,,,,,,,,,,,,,,,,,,,18,27,0,4,0,,,,,,,,,,,,,,,,,,13,0,1,0,0,0,13,13,12,8,1,0,0,67
R.Burkhead,00-0030288,no,NE,RB,,,,,,,,,,,,,,,,,,,,,,,,,,,,,,,,,,,,,,,,,,5,0,1,0,0,0,5,4,6,1,1,0,0,12
B.Cooks,00-0031236,no,NE,WR,,,,,,,,,,,,,,,,,,,,,,,,,,,,,,,,,,,,,,,,,,43,4,4,1,0,0,60,,,,,,,
D.Allen,00-0029689,no,NE,TE,,,,,,,,,,,,,,,,,,,,,,,,,,,,,,,,,,,,,,,,,,10,0,1,0,0,0,10,,,,,,,
R.Gronkowski,00-0027656,no,NE,TE,,,,,,,,,,,,,,,,,,,,,,,,,,,,,,,,,,,,,,,,,,31,0,9,0,1,1,168,,,,,,,
K.Britt,00-0027006,no,NE,WR,,,,,,,,,,,,,,,,,,,,,,,,,,,,,,,,,,,,,,,,,,7,0,1,0,0,0,7,,,,,,,
D.Amendola,00-0026035,no,NE,WR,,,,,,,,,,,,,,,,,,,,,,,,,,,,,,,,,,,,,11,11,0,1,0,12,0,2,0,0,0,23,,,,,,,
P.Dorsett,00-0032208,no,NE,WR,,,,,,,,,,,,,,,,,,,,,,,,,,,,,,,,,,,,,,,,,,4,0,1,0,0,0,4,,,,,,,
J.White,00-0031062,no,NE,RB,,,,,,,,,,,,,,,,,,,,,,,,,,,,,,,,,,,,,,,,,,4,0,2,0,0,0,8,,,,,,,
S.Gostkowski,00-0024333,no,NE,K,,,,,,,,,,,2,2,46,6,2,0,1,1,1,,,,,,,,,,,,,,,,,,,,,,,,,,,,,,,,,,,,
R.Allen,00-0029984,no,NE,P,,,,,,,,,,,,,,,,,,,,,,,,,,,,,,,,47,1,54,2,96,,,,,,,,,,,,,,,,,,,
M.Flowers,00-0031290,no,NE,LB,0,0,0,0,1,,,,,,,,,,,,,,,,,,,,,,,,,,,,,,,,,,,,,,,,,,,,,,,,,,
D.Harris,00-0025434,no,NE,,0,0,0,0,4,,,,,,,,,,,,,,,,,,,,,,,,,,,,,,,,,,,,,,,,,,,,,,,,,,
L.Guy,00-0028171,no,NE,DL,3,0,0,1,4,,,,,,,,,,,,,,,,,,,,,,,,,,,,,,,,,,,,,,,,,,,,,,,,,,
T.Flowers,00-0031566,no,NE,DL,3,0,0,0.5,2,,,,,,,,,,,,,,,,,,,,,,,,,,,,,,,,,,,,,,,,,,,,,,,,,,
D.Harmon,00-0030383,no,NE,DB,0,0,1,0,1,,,,,,,,,,,,,,,,,,,,,,,,,,,,,,,,,,,,,,,,,,,,,,,,,,
E.Lee,00-0032730,no,NE,DL,3,0,0,0,1,,,,,,,,,,,,,,,,,,,,,,,,,,,,,,,,,,,,,,,,,,,,,,,,,,
M.Brown,00-0032261,no,NE,DL,4,0,0,0,3,,,,,,,,,,,,,,,,,,,,,,,,,,,,,,,,,,,,,,,,,,,,,,,,,,
D.McCourty,00-0027647,no,NE,DB,2,0,0,0,3,,,,,,,,,,,,,,,,,,,,,,,,,,,,,,,,,,,,,,,,,,,,,,,,,,
M.Butler,00-0031218,no,NE,DB,0,0,0,0,3,,,,,,,,,,,,,,,,,,,,,,,,,,,,,,,,,,,,,,,,,,,,,,,,,,
J.Richards,00-0031559,no,NE,DB,0,0,0,0,1,,,,,,,,,,,,,,,,,,,,,,,,,,,,,,,,,,,,,,,,,,,,,,,,,,
S.Gilmore,00-0029542,no,NE,CB,0,0,0,0,8,,,,,,,,,,,,,,,,,,,,,,,,,,,,,,,,,,,,,,,,,,,,,,,,,,
E.Rowe,00-0031555,no,NE,DB,0,0,0,0,5,,,,,,,,,,,,,,,,,,,,,,,,,,,,,,,,,,,,,,,,,,,,,,,,,,
P.Chung,00-0027010,no,NE,SAF,0,0,0,0,4,,,,,,,,,,,,,,,,,,,,,,,,,,,,,,,,,,,,,,,,,,,,,,,,,,
E.Roberts,00-0032442,no,NE,LB,4,0,0,0,2,,,,,,,,,,,,,,,,,,,,,,,,,,,,,,,,,,,,,,,,,,,,,,,,,,
D.Wise,00-0033947,no,NE,DL,2,0,0,0.5,0,,,,,,,,,,,,,,,,,,,,,,,,,,,,,,,,,,,,,,,,,,,,,,,,,,
R.Jean Francois,00-0026502,no,NE,DT,3,0,0,0,3,,,,,,,,,,,,,,,,,,,,,,,,,,,,,,,,,,,,,,,,,,,,,,,,,,
J.Garoppolo,00-0031345,yes,SF,QB,,,,,,,,,,,,,,,,,,,,,,,,,43,31,0,1,0,0,381,,,,,,,,,,,-6,0,1,0,0,0,-6,1,1,0,0,0,0,1
M.Breida,00-0033308,yes,SF,RB,,,,,,,,,,,,,,,,,,,,16,28,0,4,0,,,,,,,,,,,,,,,,,,,,,,,,,5,6,0,0,0,0,16
C.Hyde,00-0031045,yes,SF,RB,,,,,,,,,,,,,,,,,,,,,,,,,,,,,,,,,,,,,,,,,,8,0,2,0,0,0,14,16,8,0,0,0,0,25
M.Goodwin,00-0030068,yes,SF,WR,,,,,,,,,,,,,,,,,,,,,,,,,,,,,,,,,,,,,,,,,,18,0,10,0,0,0,114,1,10,0,0,0,0,10
A.Robinson,00-0028116,yes,SF,WR,,,,,,,,,,,,,,,,,,,,,,,,,,,,,,,,,,,,,,,,,,3,0,1,0,0,0,3,,,,,,,
G.Kittle,00-0033288,yes,SF,TE,,,,,,,,,,,,,,,,,,,,,,,,,,,,,,,,,,,,,,,,,,24,0,4,0,0,0,52,,,,,,,
K.Bourne,00-0033307,yes,SF,WR,,,,,,,,,,,,,,,,,,,,,,,,,,,,,,,,,,,,,,,,,,54,0,4,0,0,0,85,,,,,,,
T.Taylor,00-0033292,yes,SF,WR,,,,,,,,,,,,,,,,,,,,,,,,,,,,,,,,,,,,,12,12,0,1,0,17,0,4,0,0,0,40,,,,,,,
G.Celek,00-0028903,yes,SF,TE,,,,,,,,,,,,,,,,,,,,,,,,,,,,,,,,,,,,,,,,,,41,5,3,1,0,0,63,,,,,,,
K.Juszczyk,00-0029892,yes,SF,RB,,,,,,,,,,,,,,,,,,,,,,,,,,,,,,,,,,,,,,,,,,9,0,2,0,0,0,16,,,,,,,
A.Colbert,00-0033302,yes,SF,DB,0,0,0,0,5,0,0,0,1,0,,,,,,,,,,,,,,,,,,,,,,,,,,,,,,,,,,,,,,,,,,,,,
R.Gould,00-0023252,yes,SF,K,,,,,,,,,,,6,6,50,18,1,0,1,0,1,,,,,,,,,,,,,,,,,,,,,,,,,,,,,,,,,,,,
B.Pinion,00-0032065,yes,SF,P,,,,,,,,,,,,,,,,,,,,,,,,,,,,,,,,43,0,43,1,43,,,,,,,,,,,,,,,,,,,
E.Mitchell,00-0027684,yes,SF,DT,0,0,0,0,1,,,,,,,,,,,,,,,,,,,,,,,,,,,,,,,,,,,,,,,,,,,,,,,,,,
S.Day,00-0033010,yes,SF,DT,0,0,0,0,2,,,,,,,,,,,,,,,,,,,,,,,,,,,,,,,,,,,,,,,,,,,,,,,,,,
L.Hall,00-0025405,yes,SF,DB,1,0,0,0,0,,,,,,,,,,,,,,,,,,,,,,,,,,,,,,,,,,,,,,,,,,,,,,,,,,
C.Marsh,00-0031175,yes,SF,DE,0,0,0,0,1,,,,,,,,,,,,,,,,,,,,,,,,,,,,,,,,,,,,,,,,,,,,,,,,,,
D.Johnson,00-0031061,yes,SF,DB,0,0,0,0,6,,,,,,,,,,,,,,,,,,,,,,,,,,,,,,,,,,,,,,,,,,,,,,,,,,
K.Williams,00-0031253,yes,SF,DB,1,0,0,0,1,,,,,,,,,,,,,,,,,,,,,,,,,,,,,,,,,,,,,,,,,,,,,,,,,,
R.Foster,00-0033887,yes,SF,LB,1,0,0,0,7,,,,,,,,,,,,,,,,,,,,,,,,,,,,,,,,,,,,,,,,,,,,,,,,,,
A.Witherspoon,00-0033783,yes,SF,CB,0,0,0,0,3,,,,,,,,,,,,,,,,,,,,,,,,,,,,,,,,,,,,,,,,,,,,,,,,,,
B.Coyle,00-0030770,yes,SF,LB,1,1,0,0,4,,,,,,,,,,,,,,,,,,,,,,,,,,,,,,,,,,,,,,,,,,,,,,,,,,
S.Thomas,00-0033870,yes,SF,DE,1,0,0,0,2,,,,,,,,,,,,,,,,,,,,,,,,,,,,,,,,,,,,,,,,,,,,,,,,,,
T.Carradine,00-0030457,yes,SF,DE,1,0,0,0.5,0,,,,,,,,,,,,,,,,,,,,,,,,,,,,,,,,,,,,,,,,,,,,,,,,,,
D.Buckner,00-0032378,yes,SF,DE,2,0,0,0.5,7,,,,,,,,,,,,,,,,,,,,,,,,,,,,,,,,,,,,,,,,,,,,,,,,,,
E.Reid,00-0030548,yes,SF,,2,0,0,0,6,,,,,,,,,,,,,,,,,,,,,,,,,,,,,,,,,,,,,,,,,,,,,,,,,,
M.Mariota,00-0032268,no,TEN,QB,,,,,,,,,,,,,,,,,,,,,,,,,33,23,0,2,0,0,241,,,,,,,,,,,,,,,,,,2,2,0,0,0,0,4
T.Taylor,00-0033911,no,TEN,WR,,,,,,,,,,,,,,,,,,,,,,,,,,,,,,,,,,,,,,,,,,,,,,,,,1,8,0,0,0,0,8
D.Henry,00-0032764,no,TEN,RB,,,,,,,,,,,,,,,,,,,,,,,,,,,,,,,,,,,,,,,,,,8,0,2,0,0,0,9,7,10,0,0,0,0,19
D.Murray,00-0028009,no,TEN,,,,,,,,,,,,,,,,,,,,,,,,,,,,,,,,,,,,,,,,,,,4,0,1,0,0,0,4,18,11,0,0,0,0,59
D.Walker,00-0024389,no,TEN,TE,,,,,,1,0,1,0,0,,,,,,,,,,,,,,,,,,,,,,,,,,,,,,,,13,4,5,1,0,0,37,,,,,,,
C.Davis,00-0033871,no,TEN,WR,,,,,,,,,,,,,,,,,,,,,,,,,,,,,,,,,,,,,,,,,,13,0,3,0,0,0,28,,,,,,,
R.Matthews,00-0029580,no,TEN,WR,,,,,,,,,,,,,,,,,,,,,,,,,,,,,,,,,,,,,,,,,,25,8,6,1,0,0,95,,,,,,,
J.Smith,00-0033858,no,TEN,TE,,,,,,,,,,,,,,,,,,,,,,,,,,,,,,,,,,,,,,,,,,5,0,1,0,0,0,5,,,,,,,
E.Decker,00-0027690,no,TEN,WR,,,,,,,,,,,,,,,,,,,,,,,,,,,,,,,,,,,,,,,,,,17,0,5,0,0,0,63,,,,,,,
R.Succop,00-0026968,no,TEN,K,,,,,,,,,,,3,3,50,9,2,0,2,0,2,,,,,,,,,,,,,,,,,,,,,,,,,,,,,,,,,,,,
B.Kern,00-0025825,no,TEN,P,,,,,,,,,,,,,,,,,,,,,,,,,,,,,,,,50,1,59,2,111,,,,,,,,,,,,,,,,,,,
A.Jackson,00-0033878,no,TEN,CB,0,0,0,0,8,,,,,,,,,,,,,,,21,21,0,1,0,,,,,,,,,,,,,0,0,0,1,0,,,,,,,,,,,,,,
L.Ryan,00-0030411,no,TEN,DB,0,0,0,0,3,,,,,,,,,,,,,,,,,,,,,,,,,,,,,,,,,,,,,,,,,,,,,,,,,,
B.Orakpo,00-0026989,no,TEN,LB,1,0,0,0,0,,,,,,,,,,,,,,,,,,,,,,,,,,,,,,,,,,,,,,,,,,,,,,,,,,
A.Johnson,00-0032763,no,TEN,NT,0,0,0,0,2,,,,,,,,,,,,,,,,,,,,,,,,,,,,,,,,,,,,,,,,,,,,,,,,,,
K.Dodd,00-0033074,no,TEN,,1,0,0,0,1,,,,,,,,,,,,,,,,,,,,,,,,,,,,,,,,,,,,,,,,,,,,,,,,,,
J.Casey,00-0028015,no,TEN,DT,2,0,0,0,2,,,,,,,,,,,,,,,,,,,,,,,,,,,,,,,,,,,,,,,,,,,,,,,,,,
J.Cyprien,00-0030538,no,TEN,DB,3,0,0,0,3,,,,,,,,,,,,,,,,,,,,,,,,,,,,,,,,,,,,,,,,,,,,,,,,,,
L.Sims,00-0032783,no,TEN,CB,0,0,0,0,5,,,,,,,,,,,,,,,,,,,,,,,,,,,,,,,,,,,,,,,,,,,,,,,,,,
E.Walden,00-0026307,no,TEN,LB,3,0,0,0,2,,,,,,,,,,,,,,,,,,,,,,,,,,,,,,,,,,,,,,,,,,,,,,,,,,
D.Searcy,00-0028038,no,TEN,DB,0,0,0,0,1,,,,,,,,,,,,,,,,,,,,,,,,,,,,,,,,,,,,,,,,,,,,,,,,,,
J.Brown,00-0033954,no,TEN,LB,0,0,0,0,4,,,,,,,,,,,,,,,,,,,,,,,,,,,,,,,,,,,,,,,,,,,,,,,,,,
K.Byard,00-0033132,no,TEN,DB,0,0,0,0,5,,,,,,,,,,,,,,,,,,,,,,,,,,,,,,,,,,,,,,,,,,,,,,,,,,
B.McCain,00-0026935,no,TEN,,0,0,0,0,2,,,,,,,,,,,,,,,,,,,,,,,,,,,,,,,,,,,,,,,,,,,,,,,,,,
S.Williams,00-0030577,no,TEN,DT,0,0,0,0,2,,,,,,,,,,,,,,,,,,,,,,,,,,,,,,,,,,,,,,,,,,,,,,,,,,
W.Woodyard,00-0025828,no,TEN,LB,3,0,0,1,7,,,,,,,,,,,,,,,,,,,,,,,,,,,,,,,,,,,,,,,,,,,,,,,,,,
A.Williamson,00-0031263,no,TEN,LB,0,0,0,1,6,,,,,,,,,,,,,,,,,,,,,,,,,,,,,,,,,,,,,,,,,,,,,,,,,,
D.Carr,00-0031280,yes,OAK,QB,,,,,,1,0,1,0,0,,,,,,,,,,,,,,,38,21,0,2,0,0,171,,,,,,,,,,,,,,,,,,4,32,0,0,0,0,47
M.Lynch,00-0025399,yes,OAK,RB,,,,,,,,,,,,,,,,,,,,,,,,,,,,,,,,,,,,,,,,,,8,0,3,0,0,0,16,16,19,0,0,0,0,76
D.Washington,00-0032940,yes,OAK,RB,,,,,,,,,,,,,,,,,,,,,,,,,,,,,,,,,,,,,,,,,,10,0,2,0,0,0,16,2,2,0,0,0,0,3
C.Patterson,00-0030578,yes,OAK,WR,,,,,,0,0,2,0,0,,,,,,,,,,25,44,0,4,0,,,,,,,,,,,,,,,,,,7,0,1,0,0,0,7,1,-4,0,0,0,0,-4
L.Smith,00-0028097,yes,OAK,TE,,,,,,,,,,,,,,,,,,,,,,,,,,,,,,,,,,,,,,,,,,3,0,1,0,0,0,3,,,,,,,
S.Roberts,00-0031166,yes,OAK,WR,,,,,,,,,,,,,,,,,,,,,,,,,,,,,,,,,,,,,,,,,,28,0,3,0,0,0,52,,,,,,,
M.Crabtree,00-0026986,yes,OAK,WR,,,,,,0,1,1,1,0,,,,,,,,,,,,,,,,,,,,,,,,,,,,,,,,14,2,7,2,0,0,39,,,,,,,
J.Richard,00-0033025,yes,OAK,RB,0,0,0,0,1,,,,,,,,,,,,,,,,,,,,,,,,,,,,,,,,,,,,,11,0,2,0,0,0,21,,,,,,,
J.Cook,00-0027061,yes,OAK,TE,,,,,,,,,,,,,,,,,,,,,,,,,,,,,,,,,,,,,,,,,,13,0,2,0,0,0,17,,,,,,,
G.Tavecchio,00-0028907,yes,OAK,,,,,,,,,,,,2,1,39,3,2,0,2,0,2,,,,,,,,,,,,,,,,,,,,,,,,,,,,,,,,,,,,
M.King,00-0029123,yes,OAK,P,,,,,,,,,,,,,,,,,,,,,,,,,,,,,,,,42,1,57,4,182,,,,,,,,,,,,,,,,,,,
T.Carrie,00-0031269,yes,OAK,DB,3,0,0,0,2,,,,,,,,,,,,,,,,,,,,,,,,,,,,,,,,,,,,,,,,,,,,,,,,,,
R.Nelson,00-0025408,yes,OAK,DB,1,0,0,0,4,,,,,,,,,,,,,,,,,,,,,,,,,,,,,,,,,,,,,,,,,,,,,,,,,,
S.Smith,00-0027037,yes,OAK,,0,0,2,0,3,,,,,,,,,,,,,,,,,,,,,,,,,,,,,,,,,,,,,,,,,,,,,,,,,,
B.Irvin,00-0029193,yes,OAK,DE,0,0,0,0,2,,,,,,,,,,,,,,,,,,,,,,,,,,,,,,,,,,,,,,,,,,,,,,,,,,
D.Autry,00-0031254,yes,OAK,DE,2,0,0,0,0,,,,,,,,,,,,,,,,,,,,,,,,,,,,,,,,,,,,,,,,,,,,,,,,,,
E.Vanderdoes,00-0033924,yes,OAK,DT,1,0,0,0,1,,,,,,,,,,,,,,,,,,,,,,,,,,,,,,,,,,,,,,,,,,,,,,,,,,
N.Morrow,00-0033445,yes,OAK,LB,2,0,0,0,4,,,,,,,,,,,,,,,,,,,,,,,,,,,,,,,,,,,,,,,,,,,,,,,,,,
X.Woodson-Luster,00-0033450,yes,OAK,LB,1,0,0,0,0,,,,,,,,,,,,,,,,,,,,,,,,,,,,,,,,,,,,,,,,,,,,,,,,,,
J.Ellis,00-0031346,yes,OAK,DT,2,0,0,0,3,,,,,,,,,,,,,,,,,,,,,,,,,,,,,,,,,,,,,,,,,,,,,,,,,,
K.Joseph,00-0032888,yes,OAK,DB,3,0,0,0,3,,,,,,,,,,,,,,,,,,,,,,,,,,,,,,,,,,,,,,,,,,,,,,,,,,
K.Mack,00-0031040,yes,OAK,,1,0,0,2,5,,,,,,,,,,,,,,,,,,,,,,,,,,,,,,,,,,,,,,,,,,,,,,,,,,
S.Calhoun,00-0033122,yes,OAK,LB,0,0,0,0,1,,,,,,,,,,,,,,,,,,,,,,,,,,,,,,,,,,,,,,,,,,,,,,,,,,
D.Latham,00-0032938,yes,OAK,,2,0,0,0,2,,,,,,,,,,,,,,,,,,,,,,,,,,,,,,,,,,,,,,,,,,,,,,,,,,
T.Hester,00-0033976,yes,OAK,DT,1,0,0,0,0,,,,,,,,,,,,,,,,,,,,,,,,,,,,,,,,,,,,,,,,,,,,,,,,,,
D.McDonald,00-0032212,yes,OAK,CB,1,0,0,0,3,,,,,,,,,,,,,,,,,,,,,,,,,,,,,,,,,,,,,,,,,,,,,,,,,,
N.Bowman,00-0027894,yes,OAK,,3,0,0,0,6,,,,,,,,,,,,,,,,,,,,,,,,,,,,,,,,,,,,,,,,,,,,,,,,,,
M.Lee,00-0033956,yes,OAK,LB,1,0,0,0,0,,,,,,,,,,,,,,,,,,,,,,,,,,,,,,,,,,,,,,,,,,,,,,,,,,
D.Prescott,00-0033077,no,DAL,QB,,,,,,,,,,,,,,,,,,,,,,,,,27,18,2,0,0,0,212,,,,,,,,,,,,,,,,,,6,17,5,1,0,0,32
R.Smith,00-0031900,no,DAL,RB,,,,,,,,,,,,,,,,,,,,,,,,,,,,,,,,,,,,,,,,,,10,0,3,0,0,0,21,7,6,1,1,0,0,13
C.Jones,00-0028664,no,DAL,P,,,,,,,,,,,,,,,,,,,,,,,,,,,,,,,,43,0,43,2,86,,,,,,,,,,,,,1,24,0,0,0,0,24
A.Morris,00-0029141,no,DAL,RB,,,,,,,,,,,,,,,,,,,,,,,,,,,,,,,,,,,,,,,,,,1,0,2,0,0,0,0,16,16,0,0,0,0,61
D.Bryant,00-0027902,no,DAL,,,,,,,,,,,,,,,,,,,,,,,,,,,,,,,,,,,,,,,,,,,40,0,2,0,0,0,59,1,-4,0,0,0,0,-4
N.Brown,00-0033591,no,DAL,WR,,,,,,,,,,,,,,,,,,,,,,,,,,,,,,,,,,,,,,,,,,8,0,1,0,0,0,8,,,,,,,
C.Beasley,00-0029000,no,DAL,WR,,,,,,,,,,,,,,,,,,,,,,,,,,,,,,,,,,,,,,,,,,15,0,1,0,0,0,15,,,,,,,
J.Witten,00-0022127,no,DAL,,,,,,,,,,,,,,,,,,,,,,,,,,,,,,,,,,,,,,,,,,,18,0,4,0,0,0,47,,,,,,,
K.Smith,00-0030968,no,DAL,RB,,,,,,,,,,,,,,,,,,,,,,,,,,,,,,,,,,,,,,,,,,12,0,1,0,0,0,12,,,,,,,
J.Hanna,00-0029634,no,DAL,,,,,,,,,,,,,,,,,,,,,,,,,,,,,,,,,,,,,,,,,,,31,0,1,0,0,0,31,,,,,,,
T.Williams,00-0030542,no,DAL,WR,,,,,,,,,,,,,,,,,,,,,,,,,,,,,,,,,,,,,,,,,,8,0,3,0,0,0,19,,,,,,,
D.Bailey,00-0028660,no,DAL,K,,,,,,,,,,,2,2,45,6,2,0,2,0,2,,,,,,,,,,,,,,,,,,,,,,,,,,,,,,,,,,,,
R.Switzer,00-0033562,no,DAL,WR,,,,,,,,,,,,,,,,,,,,22,22,0,1,0,,,,,,,,,,,,,7,8,0,2,0,,,,,,,,,,,,,,
J.Lewis,00-0033928,no,DAL,CB,2,0,0,0,4,,,,,,,,,,,,,,,,,,,,,,,,,,,,,,,,,,,,,,,,,,,,,,,,,,
A.Hitchens,00-0031348,no,DAL,LB,5,0,0,0,1,,,,,,,,,,,,,,,,,,,,,,,,,,,,,,,,,,,,,,,,,,,,,,,,,,
D.Lawrence,00-0031411,no,DAL,DE,2,0,0,0,0,,,,,,,,,,,,,,,,,,,,,,,,,,,,,,,,,,,,,,,,,,,,,,,,,,
X.Woods,00-0033579,no,DAL,DB,1,0,0,0,3,,,,,,,,,,,,,,,,,,,,,,,,,,,,,,,,,,,,,,,,,,,,,,,,,,
J.Heath,00-0030196,no,DAL,DB,0,1,0,0,6,,,,,,,,,,,,,,,,,,,,,,,,,,,,,,,,,,,,,,,,,,,,,,,,,,
D.Wilson,00-0032215,no,DAL,LB,0,0,0,0,1,,,,,,,,,,,,,,,,,,,,,,,,,,,,,,,,,,,,,,,,,,,,,,,,,,
T.Crawford,00-0029641,no,DAL,DE,2,0,0,0,1,,,,,,,,,,,,,,,,,,,,,,,,,,,,,,,,,,,,,,,,,,,,,,,,,,
D.Jones,00-0030576,no,DAL,DE,0,0,0,0,1,,,,,,,,,,,,,,,,,,,,,,,,,,,,,,,,,,,,,,,,,,,,,,,,,,
K.Frazier,00-0033048,no,DAL,DB,4,0,0,0,2,,,,,,,,,,,,,,,,,,,,,,,,,,,,,,,,,,,,,,,,,,,,,,,,,,
S.Lee,00-0027663,no,DAL,LB,4,0,0,0,6,,,,,,,,,,,,,,,,,,,,,,,,,,,,,,,,,,,,,,,,,,,,,,,,,,
M.Collins,00-0033131,no,DAL,DT,0,0,0,0,1,,,,,,,,,,,,,,,,,,,,,,,,,,,,,,,,,,,,,,,,,,,,,,,,,,
J.Smith,00-0033052,no,DAL,LB,0,0,0,0,1,,,,,,,,,,,,,,,,,,,,,,,,,,,,,,,,,,,,,,,,,,,,,,,,,,
B.Jones,00-0032239,no,DAL,CB,0,0,0,0,1,,,,,,,,,,,,,,,,,,,,,,,,,,,,,,,,,,,,,,,,,,,,,,,,,,
A.Brown,00-0033047,no,DAL,CB,1,0,0,0,1,,,,,,,,,,,,,,,,,,,,,,,,,,,,,,,,,,,,,,,,,,,,,,,,,,
C.Awuzie,00-0033548,no,DAL,CB,1,1,0,0,4,,,,,,,,,,,,,,,,,,,,,,,,,,,,,,,,,,,,,,,,,,,,,,,,,,
R.Ash,00-0031981,no,DAL,,0,0,0,0,1,,,,,,,,,,,,,,,,,,,,,,,,,,,,,,,,,,,,,,,,,,,,,,,,,,
J.Winston,00-0031503,yes,TB,QB,,,,,,0,0,1,0,0,,,,,,,,,,,,,,,35,27,0,3,0,0,299,,,,,,,,,,,,,,,,,,3,13,0,0,0,0,18
D.Jackson,00-0026189,yes,TB,WR,,,,,,,,,,,,,,,,,,,,,,,,,,,,,,,,,,,,,,,,,,11,0,1,0,0,0,11,1,7,0,0,0,0,7
P.Barber,00-0032741,yes,TB,RB,,,,,,1,0,1,0,0,,,,,,,,,,,,,,,,,,,,,,,,,,,,,,,,7,0,3,0,0,0,15,13,9,0,0,0,0,53
A.Humphries,00-0032009,yes,TB,WR,,,,,,,,,,,,,,,,,,,,,,,,,,,,,,,,,,,,,15,19,0,2,0,16,16,5,1,0,0,43,1,6,0,0,0,0,6
M.Evans,00-0031408,yes,TB,WR,,,,,,,,,,,,,,,,,,,,,,,,,,,,,,,,,,,,,,,,,,42,42,5,1,0,0,79,,,,,,,
C.Brate,00-0031273,yes,TB,TE,,,,,,,,,,,,,,,,,,,,,,,,,,,,,,,,,,,,,,,,,,13,0,4,0,0,0,49,,,,,,,
F.Martino,00-0030737,yes,TB,WR,,,,,,,,,,,,,,,,,,,,,,,,,,,,,,,,,,,,,,,,,,11,0,1,0,0,0,11,,,,,,,
C.Sims III,00-0031390,yes,TB,RB,,,,,,,,,,,,,,,,,,,,,,,,,,,,,,,,,,,,,,,,,,6,0,4,0,0,0,6,,,,,,,
O.Howard,00-0033879,yes,TB,TE,,,,,,,,,,,,,,,,,,,,,,,,,,,,,,,,,,,,,,,,,,30,30,1,1,0,0,30,,,,,,,
C.Godwin,00-0033921,yes,TB,WR,,,,,,,,,,,,,,,,,,,,,,,,,,,,,,,,,,,,,,,,,,18,0,1,0,0,0,18,,,,,,,
A.Auclair,00-0033421,yes,TB,TE,,,,,,,,,,,,,,,,,,,,,,,,,,,,,,,,,,,,,,,,,,14,0,1,0,0,0,14,,,,,,,
A.Cross,00-0032745,yes,TB,TE,,,,,,,,,,,,,,,,,,,,,,,,,,,,,,,,,,,,,,,,,,23,0,1,0,0,0,23,,,,,,,
C.Benenoch,00-0032779,yes,TB,OT,,,,,,0,1,0,1,0,,,,,,,,,,,,,,,,,,,,,,,,,,,,,,,,,,,,,,,,,,,,,
P.Murray,00-0030626,yes,TB,,,,,,,,,,,,1,0,0,0,3,0,3,0,3,,,,,,,,,,,,,,,,,,,,,,,,,,,,,,,,,,,,
B.Anger,00-0029692,yes,TB,P,,,,,,,,,,,,,,,,,,,,,,,,,,,,,,,,39,2,57,4,191,,,,,,,,,,,,,,,,,,,
J.Rodgers,00-0028083,yes,TB,RB,,,,,,,,,,,,,,,,,,,,31,45,0,2,0,,,,,,,,,,,,,,,,,,,,,,,,,,,,,,,
R.Smith,00-0032772,yes,TB,CB,0,0,0,0,4,,,,,,,,,,,,,,,,,,,,,,,,,,,,,,,,,,,,,,,,,,,,,,,,,,
R.Russell,00-0031948,yes,TB,DE,0,0,0,0,1,,,,,,,,,,,,,,,,,,,,,,,,,,,,,,,,,,,,,,,,,,,,,,,,,,
W.Clarke,00-0031304,yes,TB,DE,0,0,0,0,2,,,,,,,,,,,,,,,,,,,,,,,,,,,,,,,,,,,,,,,,,,,,,,,,,,
W.Gholston,00-0030386,yes,TB,DE,0,0,0,0,4,,,,,,,,,,,,,,,,,,,,,,,,,,,,,,,,,,,,,,,,,,,,,,,,,,
D.Bond,00-0032789,yes,TB,LB,0,0,0,0,1,,,,,,,,,,,,,,,,,,,,,,,,,,,,,,,,,,,,,,,,,,,,,,,,,,
C.McDonald,00-0026964,yes,TB,DT,0,0,0,1,1,,,,,,,,,,,,,,,,,,,,,,,,,,,,,,,,,,,,,,,,,,,,,,,,,,
K.Beckwith,00-0033938,yes,TB,LB,1,0,0,0,4,,,,,,,,,,,,,,,,,,,,,,,,,,,,,,,,,,,,,,,,,,,,,,,,,,
K.Alexander,00-0032109,yes,TB,OLB,0,0,0,0,13,,,,,,,,,,,,,,,,,,,,,,,,,,,,,,,,,,,,,,,,,,,,,,,,,,
C.Conte,00-0028031,yes,TB,DB,2,1,0,0,4,,,,,,,,,,,,,,,,,,,,,,,,,,,,,,,,,,,,,,,,,,,,,,,,,,
T.Ward,00-0027653,yes,TB,,0,0,0,0,2,,,,,,,,,,,,,,,,,,,,,,,,,,,,,,,,,,,,,,,,,,,,,,,,,,
K.Tandy,00-0029422,yes,TB,DB,2,0,0,0,2,,,,,,,,,,,,,,,,,,,,,,,,,,,,,,,,,,,,,,,,,,,,,,,,,,
C.Baker,00-0026512,yes,TB,DT,0,0,0,0,1,,,,,,,,,,,,,,,,,,,,,,,,,,,,,,,,,,,,,,,,,,,,,,,,,,
A.Glanton,00-0031120,yes,TB,LB,1,0,0,0,2,,,,,,,,,,,,,,,,,,,,,,,,,,,,,,,,,,,,,,,,,,,,,,,,,,
R.Ayers Jr.,00-0026994,yes,TB,,0,1,0,0,1,,,,,,,,,,,,,,,,,,,,,,,,,,,,,,,,,,,,,,,,,,,,,,,,,,
J.Evans,00-0033898,yes,TB,DB,2,0,0,0,4,,,,,,,,,,,,,,,,,,,,,,,,,,,,,,,,,,,,,,,,,,,,,,,,,,
B.Grimes,00-0024183,yes,TB,DB,0,0,0,0,3,,,,,,,,,,,,,,,,,,,,,,,,,,,,,,,,,,,,,,,,,,,,,,,,,,
R.McClain,00-0027840,yes,TB,,0,0,0,0,1,,,,,,,,,,,,,,,,,,,,,,,,,,,,,,,,,,,,,,,,,,,,,,,,,,
M.Ryan,00-0026143,no,ATL,QB,,,,,,,,,,,,,,,,,,,,,,,,,31,17,0,1,0,0,212,,,,,,,,,,,,,,,,,,3,12,0,0,0,0,29
T.Ward,00-0031682,no,ATL,,,,,,,,,,,,,,,,,,,,,,,,,,,,,,,,,,,,,,,,,,,6,0,1,0,0,0,6,8,13,0,0,0,0,40
D.Freeman,00-0031285,no,ATL,RB,,,,,,0,0,2,0,0,,,,,,,,,,,,,,,,,,,,,,,,,,,,,,,,29,0,5,0,0,0,68,22,32,32,1,0,0,126
M.Sanu,00-0029632,no,ATL,WR,,,,,,,,,,,,,,,,,,,,,,,,,,,,,,,,,,,,,,,,,,21,0,2,0,0,0,23,1,3,0,0,0,0,3
T.Gabriel,00-0031228,no,ATL,WR,,,,,,,,,,,,,,,,,,,,,,,,,,,,,,,,,,,,,,,,,,10,0,2,0,0,0,16,1,3,0,0,0,0,3
J.Hardy,00-0031570,no,ATL,WR,,,,,,,,,,,,,,,,,,,,,,,,,,,,,,,,,,,,,,,,,,27,6,2,1,0,0,33,,,,,,,
A.Hooper,00-0032392,no,ATL,TE,,,,,,,,,,,,,,,,,,,,,,,,,,,,,,,,,,,,,,,,,,7,0,2,0,0,0,12,,,,,,,
Ju.Jones,00-0027944,no,ATL,WR,,,,,,,,,,,,,,,,,,,,,,,,,,,,,,,,,,,,,,,,,,29,0,3,0,0,0,54,,,,,,,
R.Schraeder,00-0029786,no,ATL,OT,,,,,,0,1,0,1,0,,,,,,,,,,,,,,,,,,,,,,,,,,,,,,,,,,,,,,,,,,,,,
L.Toilolo,00-0030443,no,ATL,TE,,,,,,0,1,0,1,0,,,,,,,,,,,,,,,,,,,,,,,,,,,,,,,,,,,,,,,,,,,,,
K.Neal,00-0032382,no,ATL,DB,1,1,0,0,3,0,0,0,1,0,,,,,,,,,,,,,,,,,,,,,,,,,,,,,,,,,,,,,,,,,,,,,
M.Bryant,00-0020578,no,ATL,K,,,,,,,,,,,1,1,57,3,3,0,3,0,3,,,,,,,,,,,,,,,,,,,,,,,,,,,,,,,,,,,,
M.Bosher,00-0028130,no,ATL,P,,,,,,,,,,,,,,,,,,,,,,,,,,,,,,,,33,2,53,4,161,,,,,,,,,,,,,,,,,,,
A.Roberts,00-0027691,no,ATL,WR,,,,,,,,,,,,,,,,,,,,27,31,0,4,0,,,,,,,,,,,,,8,12,0,2,0,,,,,,,,,,,,,,
B.Reed,00-0027980,no,ATL,DE,1,0,0,0,1,,,,,,,,,,,,,,,,,,,,,,,,,,,,,,,,,,,,,,,,,,,,,,,,,,
K.Ishmael,00-0030427,no,ATL,DB,0,0,0,0,2,,,,,,,,,,,,,,,,,,,,,,,,,,,,,,,,,,,,,,,,,,,,,,,,,,
V.Beasley,00-0032240,no,ATL,LB,1,0,0,0,0,,,,,,,,,,,,,,,,,,,,,,,,,,,,,,,,,,,,,,,,,,,,,,,,,,
D.Poe,00-0029688,no,ATL,NT,0,0,0,0,2,,,,,,,,,,,,,,,,,,,,,,,,,,,,,,,,,,,,,,,,,,,,,,,,,,
B.Poole,00-0032596,no,ATL,CB,1,0,0,0,3,,,,,,,,,,,,,,,,,,,,,,,,,,,,,,,,,,,,,,,,,,,,,,,,,,
R.Alford,00-0030528,no,ATL,DB,0,0,0,0,6,,,,,,,,,,,,,,,,,,,,,,,,,,,,,,,,,,,,,,,,,,,,,,,,,,
D.Shelby,00-0029111,no,ATL,DE,0,0,0,0,2,,,,,,,,,,,,,,,,,,,,,,,,,,,,,,,,,,,,,,,,,,,,,,,,,,
D.Campbell,00-0032401,no,ATL,LB,0,0,0,0,6,,,,,,,,,,,,,,,,,,,,,,,,,,,,,,,,,,,,,,,,,,,,,,,,,,
A.Rubin,00-0026330,no,ATL,NT,2,0,0,0,0,,,,,,,,,,,,,,,,,,,,,,,,,,,,,,,,,,,,,,,,,,,,,,,,,,
R.Allen,00-0031181,no,ATL,CB,1,0,0,0,0,,,,,,,,,,,,,,,,,,,,,,,,,,,,,,,,,,,,,,,,,,,,,,,,,,
D.Jones,00-0032388,no,ATL,LB,2,0,0,0,7,,,,,,,,,,,,,,,,,,,,,,,,,,,,,,,,,,,,,,,,,,,,,,,,,,
T.McKinley,00-0033540,no,ATL,DE,0,1,0,1,1,,,,,,,,,,,,,,,,,,,,,,,,,,,,,,,,,,,,,,,,,,,,,,,,,,
A.Clayborn,00-0027958,no,ATL,DE,1,0,0,0.5,0,,,,,,,,,,,,,,,,,,,,,,,,,,,,,,,,,,,,,,,,,,,,,,,,,,
D.Riley,00-0033549,no,ATL,LB,0,0,0,0,1,,,,,,,,,,,,,,,,,,,,,,,,,,,,,,,,,,,,,,,,,,,,,,,,,,
G.Jarrett,00-0031583,no,ATL,DT,1,0,0,0.5,0,,,,,,,,,,,,,,,,,,,,,,,,,,,,,,,,,,,,,,,,,,,,,,,,,,
D.Trufant,00-0030562,no,ATL,DB,1,0,0,0,5,,,,,,,,,,,,,,,,,,,,,,,,,,,,,,,,,,,,,,,,,,,,,,,,,,
